# Blender 4.5.3 LTS
# www.blender.org
mtllib head_model.mtl
g Body_low_body_low
v -0.089771 2.642867 0.055657
v -0.090196 2.653625 0.037902
v -0.086490 2.654494 0.022040
v -0.085276 2.631212 0.074409
v -0.076056 2.615141 0.099172
v -0.063706 2.597737 0.120220
v -0.045871 2.581362 0.135262
v -0.029766 2.568283 0.141998
v -0.011644 2.561757 0.146452
v -0.032602 2.656373 -0.034741
v -0.016753 2.657039 -0.037043
v -0.058459 2.656011 -0.021435
v -0.046315 2.656059 -0.029908
v -0.069080 2.655645 -0.009571
v -0.078250 2.654655 0.005037
v -0.035866 2.598561 -0.048939
v -0.087021 2.572225 0.044796
v -0.072181 2.551512 0.069545
v -0.048271 2.533647 0.089352
v -0.091000 2.581244 0.028447
v -0.077570 2.601572 -0.025844
v -0.064096 2.540539 0.081860
v -0.065049 2.601573 -0.037960
v -0.085848 2.597512 -0.008894
v -0.015435 2.523232 0.098999
v -0.029812 2.529273 0.093705
v -0.088816 2.589785 0.010589
v -0.017925 2.596802 -0.049702
v -0.051346 2.600768 -0.046278
v -0.078507 2.562879 0.057089
v -0.017332 2.539911 0.121162
v -0.017303 2.629333 -0.040354
v -0.034303 2.629966 -0.038124
v -0.048534 2.630646 -0.033823
v -0.060322 2.630625 -0.024858
v -0.070252 2.629585 -0.012268
v -0.079286 2.626735 0.002787
v -0.087373 2.622287 0.019571
v -0.090437 2.616985 0.037117
v -0.086818 2.607995 0.052778
v -0.083071 2.597022 0.067607
v -0.076657 2.583172 0.083025
v -0.062753 2.570251 0.094897
v -0.044804 2.560326 0.103700
v -0.029962 2.549712 0.112498
v 0.089771 2.642867 0.055657
v 0.090196 2.653625 0.037902
v 0.086490 2.654494 0.022040
v 0.085276 2.631212 0.074409
v 0.076056 2.615141 0.099172
v 0.063706 2.597737 0.120220
v 0.045871 2.581362 0.135262
v 0.029766 2.568283 0.141998
v 0.011644 2.561757 0.146452
v 0.032602 2.656373 -0.034741
v 0.016753 2.657039 -0.037043
v 0.058459 2.656011 -0.021435
v 0.046315 2.656059 -0.029908
v 0.069080 2.655645 -0.009571
v 0.078250 2.654655 0.005037
v 0.035866 2.598561 -0.048939
v 0.087021 2.572225 0.044796
v 0.072181 2.551512 0.069545
v 0.048271 2.533647 0.089352
v 0.091000 2.581244 0.028447
v 0.077570 2.601572 -0.025844
v 0.064096 2.540539 0.081860
v 0.065049 2.601573 -0.037960
v 0.085848 2.597512 -0.008894
v 0.015435 2.523232 0.098999
v 0.029812 2.529273 0.093705
v 0.088816 2.589785 0.010589
v 0.017925 2.596802 -0.049702
v 0.051346 2.600768 -0.046278
v 0.078507 2.562879 0.057089
v 0.017332 2.539911 0.121162
v 0.017303 2.629333 -0.040354
v 0.034303 2.629966 -0.038124
v 0.048534 2.630646 -0.033823
v 0.060322 2.630625 -0.024858
v 0.070252 2.629585 -0.012268
v 0.079286 2.626735 0.002787
v 0.087373 2.622287 0.019571
v 0.090437 2.616985 0.037117
v 0.086818 2.607995 0.052778
v 0.083071 2.597022 0.067607
v 0.076657 2.583172 0.083025
v 0.062753 2.570251 0.094897
v 0.044804 2.560326 0.103700
v 0.029962 2.549712 0.112498
v 0.000000 2.561003 0.148430
v 0.000000 2.658479 -0.038815
v 0.000000 2.597967 -0.053844
v 0.000000 2.520193 0.103090
v 0.000000 2.537315 0.125690
v 0.000000 2.630374 -0.044740
v -0.089771 2.642867 0.055657
v -0.090196 2.653625 0.037902
v -0.085276 2.631212 0.074409
v -0.076056 2.615141 0.099172
v -0.063706 2.597737 0.120220
v -0.045871 2.581362 0.135262
v -0.029766 2.568283 0.141998
v -0.011644 2.561757 0.146452
v -0.007488 2.752117 0.206811
v -0.013703 2.765236 0.212847
v -0.012699 2.746258 0.198552
v -0.019145 2.739264 0.188587
v -0.019689 2.754095 0.202230
v -0.024052 2.745026 0.190168
v -0.028464 2.758645 0.204055
v -0.041443 2.761719 0.203199
v -0.055939 2.762871 0.199645
v -0.068127 2.762654 0.193532
v -0.079145 2.759048 0.183377
v -0.025851 2.770525 0.211798
v -0.038196 2.772745 0.208292
v -0.056147 2.774323 0.201107
v -0.072601 2.775480 0.190820
v -0.084249 2.770692 0.176158
v -0.030852 2.749414 0.192072
v -0.041431 2.751605 0.193072
v -0.053536 2.751879 0.192122
v -0.063720 2.750513 0.189349
v -0.071760 2.747903 0.184963
v -0.006483 2.733722 0.210579
v -0.007173 2.715800 0.220712
v -0.007356 2.699876 0.230738
v -0.007896 2.691213 0.237236
v -0.011301 2.729550 0.200661
v -0.011744 2.713635 0.211756
v -0.012728 2.696661 0.222035
v -0.014350 2.687505 0.231664
v -0.016575 2.730326 0.189640
v -0.022634 2.722541 0.186799
v -0.032432 2.718487 0.186291
v -0.043975 2.717447 0.186541
v -0.057219 2.718716 0.186009
v -0.066899 2.722044 0.182919
v -0.074014 2.726110 0.178893
v -0.018422 2.715937 0.195471
v -0.032240 2.706400 0.192416
v -0.045896 2.703928 0.188310
v -0.060542 2.704417 0.185672
v -0.073591 2.709403 0.180432
v -0.082900 2.717508 0.173184
v -0.077201 2.743915 0.179579
v -0.078977 2.731759 0.176032
v -0.080580 2.738324 0.175625
v -0.084788 2.752964 0.174742
v -0.089977 2.760735 0.160900
v -0.089391 2.741935 0.166384
v -0.095215 2.743541 0.153407
v -0.087808 2.729051 0.167494
v -0.096061 2.724342 0.156505
v -0.091999 2.705839 0.165883
v -0.079831 2.695171 0.177002
v -0.063953 2.689041 0.185060
v -0.048977 2.686569 0.192502
v -0.028613 2.692110 0.203075
v -0.019445 2.701945 0.205420
v -0.018433 2.691782 0.214355
v -0.023852 2.685601 0.208860
v -0.025271 2.731910 0.186506
v -0.027364 2.734791 0.187464
v -0.030745 2.738085 0.188583
v -0.034928 2.741845 0.189408
v -0.042543 2.744421 0.190835
v -0.052611 2.744446 0.190749
v -0.060591 2.742085 0.188492
v -0.066750 2.739101 0.185550
v -0.070964 2.737059 0.182901
v -0.072274 2.735113 0.181349
v -0.071571 2.733543 0.180795
v -0.068573 2.731717 0.182842
v -0.063542 2.729912 0.186285
v -0.055247 2.728565 0.188546
v -0.042951 2.727922 0.188266
v -0.033968 2.728482 0.187451
v -0.028545 2.729712 0.186711
v -0.028721 2.733863 0.184429
v -0.030529 2.735387 0.185142
v -0.032917 2.738379 0.185527
v -0.036218 2.741279 0.186972
v -0.030928 2.732085 0.184409
v -0.034690 2.732312 0.184049
v -0.042579 2.731145 0.184487
v -0.053361 2.731493 0.184125
v -0.060816 2.732384 0.183153
v -0.065483 2.732700 0.181047
v -0.067882 2.733920 0.179835
v -0.068513 2.735552 0.180085
v -0.067731 2.736840 0.181278
v -0.064711 2.738636 0.182596
v -0.059311 2.741428 0.184793
v -0.052090 2.744014 0.187151
v -0.043291 2.743484 0.188017
v -0.031936 2.734980 0.182224
v -0.031025 2.734174 0.183466
v -0.049701 2.740348 0.170313
v -0.033774 2.740699 0.180459
v -0.038536 2.741954 0.173861
v -0.041216 2.744421 0.175497
v -0.037607 2.743808 0.182610
v -0.045349 2.745667 0.176009
v -0.043881 2.745693 0.183554
v -0.050262 2.745775 0.175463
v -0.051396 2.745889 0.182771
v -0.054722 2.744422 0.174342
v -0.057999 2.743777 0.180933
v -0.057787 2.742464 0.173360
v -0.062584 2.741055 0.179279
v -0.059396 2.740906 0.172690
v -0.065131 2.739156 0.177936
v -0.059927 2.739210 0.171791
v -0.065974 2.737180 0.176137
v -0.059190 2.737049 0.171284
v -0.064974 2.734377 0.175789
v -0.057437 2.735641 0.171451
v -0.062485 2.732779 0.176842
v -0.054480 2.734789 0.171753
v -0.058156 2.731759 0.177778
v -0.050334 2.734364 0.172010
v -0.051682 2.731062 0.178388
v -0.045553 2.734056 0.172089
v -0.043787 2.730783 0.178587
v -0.041179 2.734576 0.171640
v -0.037062 2.731716 0.177957
v -0.038134 2.737546 0.171681
v -0.033061 2.735563 0.177597
v -0.019208 2.684579 0.225613
v -0.023881 2.681418 0.220224
v -0.014111 2.682398 0.237058
v -0.013131 2.674443 0.239773
v -0.011563 2.668150 0.236743
v -0.027189 2.676808 0.215908
v -0.029036 2.676726 0.208729
v -0.033297 2.677570 0.202876
v -0.019055 2.680598 0.231564
v -0.017840 2.672688 0.234332
v -0.016160 2.668655 0.232975
v -0.024938 2.676244 0.224641
v -0.023978 2.671212 0.226803
v -0.021772 2.668353 0.227946
v -0.027940 2.672167 0.216417
v -0.023759 2.665241 0.218972
v -0.026909 2.668240 0.217644
v -0.029151 2.670291 0.210453
v -0.027008 2.665307 0.212789
v -0.021438 2.662674 0.215879
v -0.033222 2.668325 0.204736
v -0.029640 2.661305 0.209400
v -0.023532 2.657385 0.214062
v -0.008185 2.684754 0.241768
v -0.007164 2.676603 0.245297
v -0.006610 2.668012 0.243669
v -0.004377 2.663952 0.239508
v -0.003963 2.662080 0.229576
v -0.006221 2.659185 0.218853
v -0.008187 2.664855 0.233828
v -0.006334 2.665668 0.224987
v -0.008923 2.662266 0.217135
v -0.013917 2.661096 0.216428
v -0.010116 2.673882 0.224844
v -0.013953 2.674106 0.223660
v -0.016286 2.674066 0.220174
v -0.016899 2.673414 0.215636
v -0.015793 2.672937 0.212441
v -0.011534 2.672593 0.209623
v -0.007658 2.673820 0.211703
v -0.006250 2.674296 0.216271
v -0.007456 2.673573 0.221457
v -0.012109 2.678057 0.217238
v -0.015177 2.655365 0.218373
v -0.006767 2.652112 0.219957
v -0.015150 2.650649 0.219348
v -0.024049 2.650343 0.213904
v -0.034082 2.651131 0.205742
v -0.040293 2.662370 0.200864
v -0.045127 2.674177 0.198461
v -0.062029 2.673843 0.186348
v -0.080046 2.677115 0.174866
v -0.097786 2.686983 0.155470
v -0.102867 2.718245 0.141048
v -0.102562 2.744456 0.136277
v -0.096674 2.767351 0.143055
v -0.090431 2.782313 0.160944
v -0.079562 2.791907 0.178116
v -0.061410 2.797526 0.189256
v -0.040584 2.796476 0.200199
v -0.027844 2.795306 0.205373
v -0.014303 2.793787 0.209007
v -0.006818 2.642894 0.222645
v -0.014893 2.642112 0.219997
v -0.022508 2.640512 0.214133
v -0.029585 2.638031 0.207291
v -0.045695 2.644568 0.197074
v -0.035770 2.634912 0.200040
v -0.039170 2.631401 0.194651
v -0.054626 2.657745 0.191925
v -0.067985 2.654719 0.179949
v -0.055306 2.635415 0.188322
v -0.083311 2.654552 0.165247
v -0.102202 2.684874 0.130779
v -0.093625 2.653575 0.145149
v -0.070271 2.632953 0.173314
v -0.105691 2.716066 0.122889
v -0.108206 2.745289 0.119141
v -0.105233 2.771031 0.125358
v -0.036011 2.624990 0.196003
v -0.030621 2.620432 0.200583
v -0.023912 2.617193 0.205061
v -0.016576 2.615246 0.209414
v -0.008882 2.614257 0.212436
v -0.048776 2.621721 0.188803
v -0.039452 2.612611 0.192509
v -0.029350 2.607260 0.197728
v -0.019141 2.604664 0.202598
v -0.009693 2.603856 0.205677
v -0.082258 2.629928 0.157488
v -0.060347 2.617889 0.179165
v -0.010879 2.593553 0.204089
v -0.012768 2.580731 0.205008
v -0.013420 2.568397 0.201295
v -0.012231 2.561298 0.191137
v -0.021849 2.594972 0.200001
v -0.034553 2.598706 0.193684
v -0.047845 2.606060 0.186395
v -0.025371 2.583452 0.199077
v -0.039150 2.588827 0.189753
v -0.054270 2.598069 0.179107
v -0.069406 2.612467 0.167824
v -0.027125 2.572024 0.194968
v -0.040079 2.578825 0.183143
v -0.024362 2.564483 0.185704
v -0.035518 2.570943 0.174010
v -0.055386 2.589337 0.168790
v -0.088009 2.625271 0.137805
v -0.095347 2.650513 0.122644
v -0.013706 2.562615 0.160935
v -0.029608 2.569344 0.158753
v -0.089396 2.644448 0.105302
v -0.085382 2.624682 0.123740
v -0.069239 2.603102 0.140003
v -0.047868 2.583320 0.156623
v -0.098610 2.791521 0.139406
v -0.019468 2.832412 0.191706
v -0.038337 2.830811 0.187472
v -0.057122 2.826517 0.180044
v -0.075557 2.819307 0.169514
v -0.091764 2.806926 0.156459
v -0.005959 2.630959 0.208951
v -0.011761 2.631374 0.207744
v -0.018146 2.631324 0.205151
v -0.026109 2.630727 0.200710
v -0.006846 2.647387 0.221807
v -0.014946 2.646043 0.219936
v -0.023108 2.644489 0.214105
v -0.031255 2.642338 0.206685
v -0.039143 2.637666 0.199381
v -0.043356 2.631498 0.193949
v -0.039717 2.623142 0.193645
v -0.033215 2.617106 0.197372
v -0.025291 2.613466 0.201511
v -0.016837 2.611727 0.205690
v -0.008903 2.611254 0.208387
v -0.006388 2.634760 0.214912
v -0.006619 2.639137 0.219091
v -0.013259 2.635069 0.213198
v -0.014030 2.638801 0.216783
v -0.020333 2.634605 0.209301
v -0.021429 2.637557 0.211976
v -0.027428 2.633532 0.204247
v -0.028419 2.635617 0.206119
v -0.032663 2.632315 0.199507
v -0.033984 2.633333 0.199833
v -0.033088 2.630638 0.196426
v -0.036219 2.631016 0.195298
v -0.008424 2.621305 0.215133
v -0.007188 2.626837 0.212824
v -0.016160 2.621755 0.211717
v -0.014221 2.627106 0.210390
v -0.023097 2.622484 0.207081
v -0.020846 2.627187 0.206350
v -0.029198 2.624229 0.201815
v -0.027373 2.627585 0.201481
v -0.034026 2.626846 0.196980
v -0.032339 2.628211 0.197328
v -0.114335 2.730530 0.080199
v -0.121503 2.747334 0.073587
v -0.127625 2.762224 0.063307
v -0.131996 2.765431 0.049392
v -0.135654 2.763474 0.036363
v -0.131720 2.718688 0.018858
v -0.124892 2.698330 0.027389
v -0.117516 2.681187 0.040853
v -0.113407 2.664584 0.051254
v -0.105220 2.665675 0.073427
v -0.103762 2.676013 0.081507
v -0.106272 2.691083 0.085971
v -0.108153 2.710209 0.084703
v -0.113133 2.723153 0.073021
v -0.112947 2.739236 0.065448
v -0.117099 2.750131 0.054392
v -0.123747 2.754207 0.045265
v -0.129263 2.751930 0.038045
v -0.127950 2.720057 0.028250
v -0.125248 2.702063 0.034771
v -0.120840 2.684763 0.044954
v -0.116720 2.670426 0.055610
v -0.108531 2.691102 0.081351
v -0.107769 2.705813 0.080268
v -0.108674 2.709990 0.063387
v -0.117206 2.700077 0.052095
v -0.105673 2.700838 0.068469
v -0.115754 2.690082 0.055608
v -0.106166 2.703058 0.073216
v -0.122074 2.737303 0.044077
v -0.105897 2.683532 0.073250
v -0.113330 2.682045 0.060497
v -0.106647 2.684621 0.066059
v -0.106010 2.698220 0.063062
v -0.096452 2.694727 0.067747
v -0.095982 2.697868 0.069716
v -0.097637 2.687771 0.069126
v -0.098447 2.686368 0.074280
v -0.096985 2.699430 0.074752
v -0.098531 2.696493 0.077088
v -0.099575 2.691195 0.077094
v -0.093893 2.692560 0.071712
v -0.113746 2.678743 0.057703
v -0.118207 2.690106 0.051994
v -0.107191 2.679377 0.073701
v -0.108650 2.675945 0.069200
v -0.108712 2.691092 0.076518
v -0.110790 2.698168 0.056748
v -0.121184 2.726913 0.054363
v -0.113467 2.718400 0.056350
v -0.110882 2.718526 0.069574
v -0.106478 2.703205 0.077516
v -0.110544 2.730273 0.059859
v -0.118808 2.740986 0.054430
v -0.120440 2.746548 0.045310
v -0.124416 2.744663 0.039980
v -0.129321 2.718618 0.036431
v -0.124612 2.703891 0.041070
v -0.119128 2.687477 0.048099
v -0.107713 2.669439 0.071318
v -0.115672 2.673620 0.056467
v -0.135161 2.737335 0.017311
v -0.129609 2.734007 0.028285
v -0.128725 2.723923 0.042860
v -0.104447 2.689303 0.061008
v -0.096961 2.691059 0.067685
v -0.110748 2.674861 0.063535
v -0.112102 2.703382 0.054481
v -0.123604 2.714505 0.048590
v -0.117343 2.707280 0.052037
v -0.130248 2.729531 0.036577
v -0.136356 2.754445 0.024226
v -0.129888 2.744721 0.031124
v -0.125954 2.731380 0.043208
v -0.109516 2.704988 0.059462
v -0.115544 2.712574 0.053949
v -0.123033 2.720801 0.051341
v -0.128107 2.738441 0.037741
v -0.111587 2.689147 0.058034
v -0.111803 2.683403 0.063488
v -0.109598 2.679284 0.068259
v -0.089468 2.676830 0.029095
v -0.013786 2.562966 0.153128
v -0.030510 2.570401 0.149238
v -0.047740 2.584419 0.142243
v -0.066103 2.601337 0.127337
v -0.079540 2.622016 0.106360
v -0.084915 2.640067 0.090898
v -0.109056 2.660210 0.064439
v -0.112360 2.666364 0.064374
v -0.111916 2.669863 0.063562
v -0.111019 2.678185 0.064453
v -0.108107 2.672476 0.070015
v -0.106009 2.678128 0.077723
v -0.106841 2.679683 0.075643
v -0.109498 2.714790 0.066367
v -0.120283 2.740837 0.046943
v -0.120591 2.733558 0.056000
v -0.111891 2.723802 0.057901
v -0.123573 2.705621 0.047039
v -0.128835 2.717232 0.041622
v -0.100713 2.680699 0.109921
v -0.100192 2.664732 0.075287
v -0.124779 2.757221 0.038648
v -0.105885 2.714851 0.106057
v -0.102950 2.665925 0.052367
v -0.092137 2.655229 0.083885
v -0.108374 2.681882 0.043525
v -0.110426 2.747477 0.098303
v -0.114212 2.699425 0.032138
v -0.119067 2.767532 0.042573
v -0.123161 2.763520 0.047804
v -0.095634 2.694243 0.029228
v -0.112456 2.733428 0.083826
v -0.092535 2.673357 0.043629
v -0.107034 2.712541 0.090018
v -0.093677 2.660965 0.056619
v -0.123375 2.735084 0.027502
v -0.117821 2.760997 0.028931
v -0.117493 2.768764 0.059614
v -0.124915 2.747358 0.031943
v -0.091431 2.653002 0.070179
v -0.119538 2.718698 0.024606
v -0.103647 2.717700 0.021648
v -0.121342 2.762917 0.062560
v -0.095820 2.663208 0.096481
v -0.117712 2.750366 0.075498
v -0.115469 2.762426 0.078197
v -0.100925 2.660406 0.065528
v -0.109809 2.735843 0.018457
v -0.101452 2.673486 0.086124
v -0.114555 2.750182 0.020646
v -0.103878 2.690262 0.091532
v -0.104977 2.677054 0.079404
v -0.115131 2.727433 0.077087
v -0.121526 2.744837 0.070805
v -0.129251 2.756397 0.061444
v -0.134522 2.761299 0.049355
v -0.138105 2.758444 0.039242
v -0.137148 2.718215 0.024273
v -0.128335 2.700901 0.032475
v -0.121842 2.682556 0.043153
v -0.116278 2.667673 0.053972
v -0.107500 2.690831 0.083673
v -0.108235 2.707979 0.082357
v -0.140587 2.734688 0.022593
v -0.141641 2.748982 0.027736
v -0.106967 2.667352 0.072464
v -0.111393 2.663163 0.064358
v -0.072583 2.605922 0.153323
v -0.010977 2.560510 0.180972
v -0.019972 2.562687 0.178925
v -0.024574 2.565222 0.170101
v -0.012184 2.561646 0.170701
v -0.102165 2.687995 0.098416
v -0.106124 2.713768 0.096025
v -0.098926 2.669832 0.091595
v -0.111146 2.737609 0.088105
v -0.118716 2.763132 0.060969
v -0.118918 2.763025 0.045978
v -0.105339 2.718685 0.027670
v -0.101217 2.698067 0.034508
v -0.096597 2.680750 0.046655
v -0.097802 2.667067 0.056827
v -0.117565 2.758240 0.034860
v -0.114943 2.753436 0.075117
v -0.095140 2.661025 0.080716
v -0.093981 2.659597 0.068490
v -0.110066 2.736171 0.025275
v -0.114418 2.749154 0.027660
v -0.054416 2.747795 0.186147
v -0.057675 2.752672 0.183012
v -0.060532 2.756947 0.178793
v -0.062876 2.760455 0.173651
v -0.064618 2.763062 0.167785
v -0.065691 2.764668 0.161420
v -0.066053 2.765210 0.154801
v -0.060187 2.768345 0.154801
v -0.059937 2.767743 0.161420
v -0.059199 2.765959 0.167785
v -0.057999 2.763062 0.173651
v -0.056384 2.759164 0.178793
v -0.054416 2.754414 0.183012
v -0.052172 2.748995 0.186147
v -0.049736 2.743114 0.188078
v -0.048494 2.743491 0.188078
v -0.049736 2.749733 0.186147
v -0.050880 2.755487 0.183012
v -0.051883 2.760530 0.178793
v -0.052707 2.764668 0.173651
v -0.053318 2.767743 0.167785
v -0.053695 2.769637 0.161420
v -0.053822 2.770276 0.154801
v -0.047203 2.770928 0.154801
v -0.047203 2.770276 0.161420
v -0.047203 2.768345 0.167785
v -0.047203 2.765210 0.173651
v -0.047203 2.755849 0.183012
v -0.047203 2.749983 0.186147
v -0.047203 2.743618 0.188078
v -0.050880 2.742502 0.188078
v -0.056384 2.746180 0.186147
v -0.060532 2.750328 0.183012
v -0.064167 2.753963 0.178793
v -0.067151 2.756947 0.173651
v -0.069368 2.759164 0.167785
v -0.070733 2.760530 0.161420
v -0.071194 2.760990 0.154801
v -0.051883 2.741679 0.188078
v -0.057999 2.744212 0.186147
v -0.062876 2.747471 0.183012
v -0.067151 2.750328 0.178793
v -0.070659 2.752672 0.173651
v -0.073266 2.754414 0.167785
v -0.074872 2.755486 0.161420
v -0.075414 2.755849 0.154801
v -0.052707 2.740676 0.188078
v -0.059199 2.741968 0.186147
v -0.064618 2.744212 0.183012
v -0.069368 2.746180 0.178793
v -0.073266 2.747795 0.173651
v -0.076163 2.748995 0.167785
v -0.077947 2.749733 0.161420
v -0.078549 2.749983 0.154801
v -0.053318 2.739532 0.188078
v -0.059937 2.739532 0.186147
v -0.065691 2.740676 0.183012
v -0.070733 2.741679 0.178793
v -0.074872 2.742502 0.173651
v -0.077947 2.743114 0.167785
v -0.079840 2.743491 0.161420
v -0.080480 2.743618 0.154801
v -0.053695 2.738291 0.188078
v -0.060187 2.736999 0.186147
v -0.066053 2.736999 0.183012
v -0.071194 2.736999 0.178793
v -0.075414 2.736999 0.173651
v -0.078549 2.736999 0.167785
v -0.080480 2.736999 0.161420
v -0.081132 2.736999 0.154801
v -0.053822 2.736999 0.188078
v -0.059937 2.734466 0.186147
v -0.065691 2.733322 0.183012
v -0.070733 2.732319 0.178793
v -0.074872 2.731495 0.173651
v -0.077947 2.730884 0.167785
v -0.079840 2.730507 0.161420
v -0.080480 2.730380 0.154801
v -0.053695 2.735708 0.188078
v -0.059199 2.732030 0.186147
v -0.064618 2.729786 0.183012
v -0.069368 2.727818 0.178793
v -0.073266 2.726203 0.173651
v -0.076163 2.725003 0.167785
v -0.077947 2.724264 0.161420
v -0.078549 2.724015 0.154801
v -0.053318 2.734466 0.188078
v -0.057999 2.729786 0.186147
v -0.062876 2.726526 0.183012
v -0.067151 2.723670 0.178793
v -0.070659 2.721326 0.173651
v -0.073266 2.719584 0.167785
v -0.074872 2.718511 0.161420
v -0.075414 2.718149 0.154801
v -0.052707 2.733322 0.188078
v -0.056384 2.727818 0.186147
v -0.060532 2.723670 0.183012
v -0.064167 2.720034 0.178793
v -0.067151 2.717051 0.173651
v -0.069368 2.714834 0.167785
v -0.070733 2.713469 0.161420
v -0.071194 2.713007 0.154801
v -0.051883 2.732319 0.188078
v -0.054416 2.726203 0.186147
v -0.057675 2.721326 0.183012
v -0.060532 2.717051 0.178793
v -0.062876 2.713542 0.173651
v -0.064618 2.710935 0.167785
v -0.065691 2.709330 0.161420
v -0.066053 2.708788 0.154801
v -0.050880 2.731495 0.188078
v -0.052172 2.725003 0.186147
v -0.054416 2.719584 0.183012
v -0.056384 2.714834 0.178793
v -0.057999 2.710935 0.173651
v -0.059199 2.708039 0.167785
v -0.059937 2.706255 0.161420
v -0.060187 2.705652 0.154801
v -0.049736 2.730884 0.188078
v -0.049736 2.724264 0.186147
v -0.050880 2.718511 0.183012
v -0.051883 2.713469 0.178793
v -0.052707 2.709330 0.173651
v -0.053318 2.706255 0.167785
v -0.053695 2.704361 0.161420
v -0.053822 2.703722 0.154801
v -0.048494 2.730507 0.188078
v -0.047203 2.724015 0.186147
v -0.047203 2.718149 0.183012
v -0.047203 2.713007 0.178793
v -0.047203 2.708788 0.173651
v -0.047203 2.705652 0.167785
v -0.047203 2.703722 0.161420
v -0.047203 2.703070 0.154801
v -0.047203 2.730380 0.188078
v -0.044670 2.724264 0.186147
v -0.043525 2.718511 0.183012
v -0.042522 2.713469 0.178793
v -0.041699 2.709330 0.173651
v -0.041087 2.706255 0.167785
v -0.040711 2.704361 0.161420
v -0.040584 2.703722 0.154801
v -0.045912 2.730507 0.188078
v -0.042234 2.725003 0.186147
v -0.039989 2.719584 0.183012
v -0.038022 2.714834 0.178793
v -0.036407 2.710935 0.173651
v -0.035207 2.708039 0.167785
v -0.034468 2.706255 0.161420
v -0.034219 2.705652 0.154801
v -0.044670 2.730884 0.188078
v -0.039989 2.726203 0.186147
v -0.036730 2.721326 0.183012
v -0.033874 2.717051 0.178793
v -0.031530 2.713542 0.173651
v -0.029788 2.710935 0.167785
v -0.028715 2.709330 0.161420
v -0.028353 2.708788 0.154801
v -0.043525 2.731495 0.188078
v -0.038022 2.727818 0.186147
v -0.033874 2.723670 0.183012
v -0.030238 2.720034 0.178793
v -0.027255 2.717051 0.173651
v -0.025038 2.714834 0.167785
v -0.023672 2.713469 0.161420
v -0.023212 2.713007 0.154801
v -0.042522 2.732319 0.188078
v -0.036407 2.729786 0.186147
v -0.031530 2.726526 0.183012
v -0.027255 2.723670 0.178793
v -0.023746 2.721326 0.173651
v -0.021139 2.719584 0.167785
v -0.019534 2.718511 0.161420
v -0.018992 2.718149 0.154801
v -0.041699 2.733322 0.188078
v -0.035207 2.732030 0.186147
v -0.029788 2.729786 0.183012
v -0.025038 2.727818 0.178793
v -0.021139 2.726203 0.173651
v -0.018243 2.725003 0.167785
v -0.016459 2.724264 0.161420
v -0.015857 2.724015 0.154801
v -0.041087 2.734466 0.188078
v -0.034468 2.734466 0.186147
v -0.028715 2.733322 0.183012
v -0.023672 2.732319 0.178793
v -0.019534 2.731495 0.173651
v -0.016459 2.730884 0.167785
v -0.014565 2.730507 0.161420
v -0.013926 2.730380 0.154801
v -0.040711 2.735708 0.188078
v -0.047203 2.736999 0.188730
v -0.034219 2.736999 0.186147
v -0.028353 2.736999 0.183012
v -0.023212 2.736999 0.178793
v -0.018992 2.736999 0.173651
v -0.015857 2.736999 0.167785
v -0.013926 2.736999 0.161420
v -0.013274 2.736999 0.154801
v -0.040584 2.736999 0.188078
v -0.034468 2.739532 0.186147
v -0.028715 2.740676 0.183012
v -0.023672 2.741679 0.178793
v -0.019534 2.742502 0.173651
v -0.016459 2.743114 0.167785
v -0.014565 2.743491 0.161420
v -0.013926 2.743618 0.154801
v -0.040711 2.738291 0.188078
v -0.035207 2.741968 0.186147
v -0.029788 2.744212 0.183012
v -0.025038 2.746180 0.178793
v -0.021139 2.747795 0.173651
v -0.018243 2.748995 0.167785
v -0.016459 2.749733 0.161420
v -0.015857 2.749983 0.154801
v -0.041087 2.739532 0.188078
v -0.036407 2.744212 0.186147
v -0.031530 2.747471 0.183012
v -0.027255 2.750328 0.178793
v -0.023746 2.752672 0.173651
v -0.021139 2.754414 0.167785
v -0.019534 2.755486 0.161420
v -0.018992 2.755849 0.154801
v -0.041699 2.740676 0.188078
v -0.038022 2.746180 0.186147
v -0.033874 2.750328 0.183012
v -0.030238 2.753963 0.178793
v -0.027255 2.756947 0.173651
v -0.025038 2.759164 0.167785
v -0.023672 2.760529 0.161420
v -0.023212 2.760990 0.154801
v -0.042522 2.741679 0.188078
v -0.039989 2.747795 0.186147
v -0.036730 2.752672 0.183012
v -0.033874 2.756947 0.178793
v -0.031530 2.760455 0.173651
v -0.029788 2.763062 0.167785
v -0.028715 2.764668 0.161420
v -0.028353 2.765210 0.154801
v -0.043525 2.742502 0.188078
v -0.042234 2.748995 0.186147
v -0.039989 2.754414 0.183012
v -0.038022 2.759164 0.178793
v -0.036407 2.763062 0.173651
v -0.035207 2.765959 0.167785
v -0.034468 2.767743 0.161420
v -0.034219 2.768345 0.154801
v -0.044670 2.743114 0.188078
v -0.044670 2.749733 0.186147
v -0.043525 2.755486 0.183012
v -0.042522 2.760529 0.178793
v -0.041699 2.764668 0.173651
v -0.041087 2.767743 0.167785
v -0.040711 2.769637 0.161420
v -0.040584 2.770276 0.154801
v -0.045912 2.743491 0.188078
v -0.047203 2.760990 0.178793
v 0.089771 2.642867 0.055657
v 0.090196 2.653625 0.037902
v 0.085276 2.631212 0.074409
v 0.076056 2.615141 0.099172
v 0.063706 2.597737 0.120220
v 0.045871 2.581362 0.135262
v 0.029766 2.568283 0.141998
v 0.011644 2.561757 0.146452
v 0.007488 2.752117 0.206811
v 0.013703 2.765236 0.212847
v 0.012699 2.746258 0.198552
v 0.019145 2.739264 0.188587
v 0.019689 2.754095 0.202230
v 0.024052 2.745026 0.190168
v 0.028464 2.758645 0.204055
v 0.041443 2.761719 0.203199
v 0.055939 2.762871 0.199645
v 0.068127 2.762654 0.193532
v 0.079145 2.759048 0.183377
v 0.025851 2.770525 0.211798
v 0.038196 2.772745 0.208292
v 0.056147 2.774323 0.201107
v 0.072601 2.775480 0.190820
v 0.084249 2.770692 0.176158
v 0.030852 2.749414 0.192072
v 0.041431 2.751605 0.193072
v 0.053536 2.751879 0.192122
v 0.063720 2.750513 0.189349
v 0.071760 2.747903 0.184963
v 0.006483 2.733722 0.210579
v 0.007173 2.715800 0.220712
v 0.007356 2.699876 0.230738
v 0.007896 2.691213 0.237236
v 0.011301 2.729550 0.200661
v 0.011744 2.713635 0.211756
v 0.012728 2.696661 0.222035
v 0.014350 2.687505 0.231664
v 0.016575 2.730326 0.189640
v 0.022634 2.722541 0.186799
v 0.032432 2.718487 0.186291
v 0.043975 2.717447 0.186541
v 0.057219 2.718716 0.186009
v 0.066899 2.722044 0.182919
v 0.074014 2.726110 0.178893
v 0.018422 2.715937 0.195471
v 0.032240 2.706400 0.192416
v 0.045896 2.703928 0.188310
v 0.060542 2.704417 0.185672
v 0.073591 2.709403 0.180432
v 0.082900 2.717508 0.173184
v 0.077201 2.743915 0.179579
v 0.078977 2.731759 0.176032
v 0.080580 2.738324 0.175625
v 0.084788 2.752964 0.174742
v 0.089977 2.760735 0.160900
v 0.089391 2.741935 0.166384
v 0.095215 2.743541 0.153407
v 0.087808 2.729051 0.167494
v 0.096061 2.724342 0.156505
v 0.091999 2.705839 0.165883
v 0.079831 2.695171 0.177002
v 0.063953 2.689041 0.185060
v 0.048977 2.686569 0.192502
v 0.028613 2.692110 0.203075
v 0.019445 2.701945 0.205420
v 0.018433 2.691782 0.214355
v 0.023852 2.685601 0.208860
v 0.025271 2.731910 0.186506
v 0.027364 2.734791 0.187464
v 0.030745 2.738085 0.188583
v 0.034928 2.741845 0.189408
v 0.042543 2.744421 0.190835
v 0.052611 2.744446 0.190749
v 0.060591 2.742085 0.188492
v 0.066750 2.739101 0.185550
v 0.070964 2.737059 0.182901
v 0.072274 2.735113 0.181349
v 0.071571 2.733543 0.180795
v 0.068573 2.731717 0.182842
v 0.063542 2.729912 0.186285
v 0.055247 2.728565 0.188546
v 0.042951 2.727922 0.188266
v 0.033968 2.728482 0.187451
v 0.028545 2.729712 0.186711
v 0.028721 2.733863 0.184429
v 0.030529 2.735387 0.185142
v 0.032917 2.738379 0.185527
v 0.036218 2.741279 0.186972
v 0.030928 2.732085 0.184409
v 0.034690 2.732312 0.184049
v 0.042579 2.731145 0.184487
v 0.053361 2.731493 0.184125
v 0.060816 2.732384 0.183153
v 0.065483 2.732700 0.181047
v 0.067882 2.733920 0.179835
v 0.068513 2.735552 0.180085
v 0.067731 2.736840 0.181278
v 0.064711 2.738636 0.182596
v 0.059311 2.741428 0.184793
v 0.052090 2.744014 0.187151
v 0.043291 2.743484 0.188017
v 0.031936 2.734980 0.182224
v 0.031025 2.734174 0.183466
v 0.049701 2.740348 0.170313
v 0.033774 2.740699 0.180459
v 0.038536 2.741954 0.173861
v 0.041216 2.744421 0.175497
v 0.037607 2.743808 0.182610
v 0.045349 2.745667 0.176009
v 0.043881 2.745693 0.183554
v 0.050262 2.745775 0.175463
v 0.051396 2.745889 0.182771
v 0.054722 2.744422 0.174342
v 0.057999 2.743777 0.180933
v 0.057787 2.742464 0.173360
v 0.062584 2.741055 0.179279
v 0.059396 2.740906 0.172690
v 0.065131 2.739156 0.177936
v 0.059927 2.739210 0.171791
v 0.065974 2.737180 0.176137
v 0.059190 2.737049 0.171284
v 0.064974 2.734377 0.175789
v 0.057437 2.735641 0.171451
v 0.062485 2.732779 0.176842
v 0.054480 2.734789 0.171753
v 0.058156 2.731759 0.177778
v 0.050334 2.734364 0.172010
v 0.051682 2.731062 0.178388
v 0.045553 2.734056 0.172089
v 0.043787 2.730783 0.178587
v 0.041179 2.734576 0.171640
v 0.037062 2.731716 0.177957
v 0.038134 2.737546 0.171681
v 0.033061 2.735563 0.177597
v 0.019208 2.684579 0.225613
v 0.023881 2.681418 0.220224
v 0.014111 2.682398 0.237058
v 0.013131 2.674443 0.239773
v 0.011563 2.668150 0.236743
v 0.027189 2.676808 0.215908
v 0.029036 2.676726 0.208729
v 0.033297 2.677570 0.202876
v 0.019055 2.680598 0.231564
v 0.017840 2.672688 0.234332
v 0.016160 2.668655 0.232975
v 0.024938 2.676244 0.224641
v 0.023978 2.671212 0.226803
v 0.021772 2.668353 0.227946
v 0.027940 2.672167 0.216417
v 0.023759 2.665241 0.218972
v 0.026909 2.668240 0.217644
v 0.029151 2.670291 0.210453
v 0.027008 2.665307 0.212789
v 0.021438 2.662674 0.215879
v 0.033222 2.668325 0.204736
v 0.029640 2.661305 0.209400
v 0.023532 2.657385 0.214062
v 0.008185 2.684754 0.241768
v 0.007164 2.676603 0.245297
v 0.006610 2.668012 0.243669
v 0.004377 2.663952 0.239508
v 0.003963 2.662080 0.229576
v 0.006221 2.659185 0.218853
v 0.008187 2.664855 0.233828
v 0.006334 2.665668 0.224987
v 0.008923 2.662266 0.217135
v 0.013917 2.661096 0.216428
v 0.010116 2.673882 0.224844
v 0.013953 2.674106 0.223660
v 0.016286 2.674066 0.220174
v 0.016899 2.673414 0.215636
v 0.015793 2.672937 0.212441
v 0.011534 2.672593 0.209623
v 0.007658 2.673820 0.211703
v 0.006250 2.674296 0.216271
v 0.007456 2.673573 0.221457
v 0.012109 2.678057 0.217238
v 0.015177 2.655365 0.218373
v 0.006767 2.652112 0.219957
v 0.015150 2.650649 0.219348
v 0.024049 2.650343 0.213904
v 0.034082 2.651131 0.205742
v 0.040293 2.662370 0.200864
v 0.045127 2.674177 0.198461
v 0.062029 2.673843 0.186348
v 0.080046 2.677115 0.174866
v 0.097786 2.686983 0.155470
v 0.102867 2.718245 0.141048
v 0.102562 2.744456 0.136277
v 0.096674 2.767351 0.143055
v 0.090431 2.782313 0.160944
v 0.079562 2.791907 0.178116
v 0.061410 2.797526 0.189256
v 0.040584 2.796476 0.200199
v 0.027844 2.795306 0.205373
v 0.014303 2.793787 0.209007
v 0.006818 2.642894 0.222645
v 0.014893 2.642112 0.219997
v 0.022508 2.640512 0.214133
v 0.029585 2.638031 0.207291
v 0.045695 2.644568 0.197074
v 0.035770 2.634912 0.200040
v 0.039170 2.631401 0.194651
v 0.054626 2.657745 0.191925
v 0.067985 2.654719 0.179949
v 0.055306 2.635415 0.188322
v 0.083311 2.654552 0.165247
v 0.102202 2.684874 0.130779
v 0.093625 2.653575 0.145149
v 0.070271 2.632953 0.173314
v 0.105691 2.716066 0.122889
v 0.108206 2.745289 0.119141
v 0.105233 2.771031 0.125358
v 0.036011 2.624990 0.196003
v 0.030621 2.620432 0.200583
v 0.023912 2.617193 0.205061
v 0.016576 2.615246 0.209414
v 0.008882 2.614257 0.212436
v 0.048776 2.621721 0.188803
v 0.039452 2.612611 0.192509
v 0.029350 2.607260 0.197728
v 0.019141 2.604664 0.202598
v 0.009693 2.603856 0.205677
v 0.082258 2.629928 0.157488
v 0.060347 2.617889 0.179165
v 0.010879 2.593553 0.204089
v 0.012768 2.580731 0.205008
v 0.013420 2.568397 0.201295
v 0.012231 2.561298 0.191137
v 0.021849 2.594972 0.200001
v 0.034553 2.598706 0.193684
v 0.047845 2.606060 0.186395
v 0.025371 2.583452 0.199077
v 0.039150 2.588827 0.189753
v 0.054270 2.598069 0.179107
v 0.069406 2.612467 0.167824
v 0.027125 2.572024 0.194968
v 0.040079 2.578825 0.183143
v 0.024362 2.564483 0.185704
v 0.035518 2.570943 0.174010
v 0.055386 2.589337 0.168790
v 0.088009 2.625271 0.137805
v 0.095347 2.650513 0.122644
v 0.013706 2.562615 0.160935
v 0.029608 2.569344 0.158753
v 0.089396 2.644448 0.105302
v 0.085382 2.624682 0.123740
v 0.069239 2.603102 0.140003
v 0.047868 2.583320 0.156623
v 0.098610 2.791521 0.139406
v 0.019468 2.832412 0.191706
v 0.038337 2.830811 0.187472
v 0.057122 2.826517 0.180044
v 0.075557 2.819307 0.169514
v 0.091764 2.806926 0.156459
v 0.005959 2.630959 0.208951
v 0.011761 2.631374 0.207744
v 0.018146 2.631324 0.205151
v 0.026109 2.630727 0.200710
v 0.006846 2.647387 0.221807
v 0.014946 2.646043 0.219936
v 0.023108 2.644489 0.214105
v 0.031255 2.642338 0.206685
v 0.039143 2.637666 0.199381
v 0.043356 2.631498 0.193949
v 0.039717 2.623142 0.193645
v 0.033215 2.617106 0.197372
v 0.025291 2.613466 0.201511
v 0.016837 2.611727 0.205690
v 0.008903 2.611254 0.208387
v 0.006388 2.634760 0.214912
v 0.006619 2.639137 0.219091
v 0.013259 2.635069 0.213198
v 0.014030 2.638801 0.216783
v 0.020333 2.634605 0.209301
v 0.021429 2.637557 0.211976
v 0.027428 2.633532 0.204247
v 0.028419 2.635617 0.206119
v 0.032663 2.632315 0.199507
v 0.033984 2.633333 0.199833
v 0.033088 2.630638 0.196426
v 0.036219 2.631016 0.195298
v 0.008424 2.621305 0.215133
v 0.007188 2.626837 0.212824
v 0.016160 2.621755 0.211717
v 0.014221 2.627106 0.210390
v 0.023097 2.622484 0.207081
v 0.020846 2.627187 0.206350
v 0.029198 2.624229 0.201815
v 0.027373 2.627585 0.201481
v 0.034026 2.626846 0.196980
v 0.032339 2.628211 0.197328
v 0.114335 2.730530 0.080199
v 0.121503 2.747334 0.073587
v 0.127625 2.762224 0.063307
v 0.131996 2.765431 0.049392
v 0.135654 2.763474 0.036363
v 0.131720 2.718688 0.018858
v 0.124892 2.698330 0.027389
v 0.117516 2.681187 0.040853
v 0.113407 2.664584 0.051254
v 0.105220 2.665675 0.073427
v 0.103762 2.676013 0.081507
v 0.106272 2.691083 0.085971
v 0.108153 2.710209 0.084703
v 0.113133 2.723153 0.073021
v 0.112947 2.739236 0.065448
v 0.117099 2.750131 0.054392
v 0.123747 2.754207 0.045265
v 0.129263 2.751930 0.038045
v 0.127950 2.720057 0.028250
v 0.125248 2.702063 0.034771
v 0.120840 2.684763 0.044954
v 0.116720 2.670426 0.055610
v 0.108531 2.691102 0.081351
v 0.107769 2.705813 0.080268
v 0.108674 2.709990 0.063387
v 0.117206 2.700077 0.052095
v 0.105673 2.700838 0.068469
v 0.115754 2.690082 0.055608
v 0.106166 2.703058 0.073216
v 0.122074 2.737303 0.044077
v 0.105897 2.683532 0.073250
v 0.113330 2.682045 0.060497
v 0.106647 2.684621 0.066059
v 0.106010 2.698220 0.063062
v 0.096452 2.694727 0.067747
v 0.095982 2.697868 0.069716
v 0.097637 2.687771 0.069126
v 0.098447 2.686368 0.074280
v 0.096985 2.699430 0.074752
v 0.098531 2.696493 0.077088
v 0.099575 2.691195 0.077094
v 0.093893 2.692560 0.071712
v 0.113746 2.678743 0.057703
v 0.118207 2.690106 0.051994
v 0.107191 2.679377 0.073701
v 0.108650 2.675945 0.069200
v 0.108712 2.691092 0.076518
v 0.110790 2.698168 0.056748
v 0.121184 2.726913 0.054363
v 0.113467 2.718400 0.056350
v 0.110882 2.718526 0.069574
v 0.106478 2.703205 0.077516
v 0.110544 2.730273 0.059859
v 0.118808 2.740986 0.054430
v 0.120440 2.746548 0.045310
v 0.124416 2.744663 0.039980
v 0.129321 2.718618 0.036431
v 0.124612 2.703891 0.041070
v 0.119128 2.687477 0.048099
v 0.107713 2.669439 0.071318
v 0.115672 2.673620 0.056467
v 0.135161 2.737335 0.017311
v 0.129609 2.734007 0.028285
v 0.128725 2.723923 0.042860
v 0.104447 2.689303 0.061008
v 0.096961 2.691059 0.067685
v 0.110748 2.674861 0.063535
v 0.112102 2.703382 0.054481
v 0.123604 2.714505 0.048590
v 0.117343 2.707280 0.052037
v 0.130248 2.729531 0.036577
v 0.136356 2.754445 0.024226
v 0.129888 2.744721 0.031124
v 0.125954 2.731380 0.043208
v 0.109516 2.704988 0.059462
v 0.115544 2.712574 0.053949
v 0.123033 2.720801 0.051341
v 0.128107 2.738441 0.037741
v 0.111587 2.689147 0.058034
v 0.111803 2.683403 0.063488
v 0.109598 2.679284 0.068259
v 0.089468 2.676830 0.029095
v 0.013786 2.562966 0.153128
v 0.030510 2.570401 0.149238
v 0.047740 2.584419 0.142243
v 0.066103 2.601337 0.127337
v 0.079540 2.622016 0.106360
v 0.084915 2.640067 0.090898
v 0.109056 2.660210 0.064439
v 0.112360 2.666364 0.064374
v 0.111916 2.669863 0.063562
v 0.111019 2.678185 0.064453
v 0.108107 2.672476 0.070015
v 0.106009 2.678128 0.077723
v 0.106841 2.679683 0.075643
v 0.109498 2.714790 0.066367
v 0.120283 2.740837 0.046943
v 0.120591 2.733558 0.056000
v 0.111891 2.723802 0.057901
v 0.123573 2.705621 0.047039
v 0.128835 2.717232 0.041622
v 0.100713 2.680699 0.109921
v 0.100192 2.664732 0.075287
v 0.124779 2.757221 0.038648
v 0.105885 2.714851 0.106057
v 0.102950 2.665925 0.052367
v 0.092137 2.655229 0.083885
v 0.108374 2.681882 0.043525
v 0.110426 2.747477 0.098303
v 0.114212 2.699425 0.032138
v 0.119067 2.767532 0.042573
v 0.123161 2.763520 0.047804
v 0.095634 2.694243 0.029228
v 0.112456 2.733428 0.083826
v 0.092535 2.673357 0.043629
v 0.107034 2.712541 0.090018
v 0.093677 2.660965 0.056619
v 0.123375 2.735084 0.027502
v 0.117821 2.760997 0.028931
v 0.117493 2.768764 0.059614
v 0.124915 2.747358 0.031943
v 0.091431 2.653002 0.070179
v 0.119538 2.718698 0.024606
v 0.103647 2.717700 0.021648
v 0.121342 2.762917 0.062560
v 0.095820 2.663208 0.096481
v 0.117712 2.750366 0.075498
v 0.115469 2.762426 0.078197
v 0.100925 2.660406 0.065528
v 0.109809 2.735843 0.018457
v 0.101452 2.673486 0.086124
v 0.114555 2.750182 0.020646
v 0.103878 2.690262 0.091532
v 0.104977 2.677054 0.079404
v 0.115131 2.727433 0.077087
v 0.121526 2.744837 0.070805
v 0.129251 2.756397 0.061444
v 0.134522 2.761299 0.049355
v 0.138105 2.758444 0.039242
v 0.137148 2.718215 0.024273
v 0.128335 2.700901 0.032475
v 0.121842 2.682556 0.043153
v 0.116278 2.667673 0.053972
v 0.107500 2.690831 0.083673
v 0.108235 2.707979 0.082357
v 0.140587 2.734688 0.022593
v 0.141641 2.748982 0.027736
v 0.106967 2.667352 0.072464
v 0.111393 2.663163 0.064358
v 0.072583 2.605922 0.153323
v 0.010977 2.560510 0.180972
v 0.019972 2.562687 0.178925
v 0.024574 2.565222 0.170101
v 0.012184 2.561646 0.170701
v 0.102165 2.687995 0.098416
v 0.106124 2.713768 0.096025
v 0.098926 2.669832 0.091595
v 0.111146 2.737609 0.088105
v 0.118716 2.763132 0.060969
v 0.118918 2.763025 0.045978
v 0.105339 2.718685 0.027670
v 0.101217 2.698067 0.034508
v 0.096597 2.680750 0.046655
v 0.097802 2.667067 0.056827
v 0.117565 2.758240 0.034860
v 0.114943 2.753436 0.075117
v 0.095140 2.661025 0.080716
v 0.093981 2.659597 0.068490
v 0.110066 2.736171 0.025275
v 0.114418 2.749154 0.027660
v 0.000000 2.561003 0.148430
v 0.000000 2.754316 0.209629
v 0.000000 2.768515 0.213968
v 0.000000 2.735414 0.214182
v 0.000000 2.692764 0.240516
v 0.000000 2.718671 0.224017
v 0.000000 2.701484 0.234231
v 0.000000 2.685720 0.244329
v 0.000000 2.677927 0.247148
v 0.000000 2.668643 0.245620
v 0.000000 2.657873 0.219525
v 0.000000 2.663486 0.239709
v 0.000000 2.660880 0.228711
v 0.000000 2.651164 0.218860
v 0.000000 2.793742 0.209947
v 0.000000 2.643207 0.222450
v 0.000000 2.613945 0.213464
v 0.000000 2.603865 0.206805
v 0.000000 2.561320 0.192556
v 0.000000 2.579952 0.206454
v 0.000000 2.568413 0.201924
v 0.000000 2.593270 0.205548
v 0.000000 2.560911 0.161967
v 0.000000 2.830593 0.194340
v 0.000000 2.629966 0.209634
v 0.000000 2.646426 0.221654
v 0.000000 2.611762 0.209678
v 0.000000 2.638457 0.218324
v 0.000000 2.633773 0.214074
v 0.000000 2.620608 0.215788
v 0.000000 2.626221 0.212706
v 0.000000 2.561020 0.154613
v 0.000000 2.559847 0.181990
v 0.000000 2.560528 0.171388
v 0.054416 2.747795 0.186147
v 0.057675 2.752672 0.183012
v 0.060532 2.756947 0.178793
v 0.062876 2.760455 0.173651
v 0.064618 2.763062 0.167785
v 0.065691 2.764668 0.161420
v 0.066053 2.765210 0.154801
v 0.060187 2.768345 0.154801
v 0.059937 2.767743 0.161420
v 0.059199 2.765959 0.167785
v 0.057999 2.763062 0.173651
v 0.056384 2.759164 0.178793
v 0.054416 2.754414 0.183012
v 0.052172 2.748995 0.186147
v 0.049736 2.743114 0.188078
v 0.048494 2.743491 0.188078
v 0.049736 2.749733 0.186147
v 0.050880 2.755487 0.183012
v 0.051883 2.760530 0.178793
v 0.052707 2.764668 0.173651
v 0.053318 2.767743 0.167785
v 0.053695 2.769637 0.161420
v 0.053822 2.770276 0.154801
v 0.047203 2.770928 0.154801
v 0.047203 2.770276 0.161420
v 0.047203 2.768345 0.167785
v 0.047203 2.765210 0.173651
v 0.047203 2.755849 0.183012
v 0.047203 2.749983 0.186147
v 0.047203 2.743618 0.188078
v 0.050880 2.742502 0.188078
v 0.056384 2.746180 0.186147
v 0.060532 2.750328 0.183012
v 0.064167 2.753963 0.178793
v 0.067151 2.756947 0.173651
v 0.069368 2.759164 0.167785
v 0.070733 2.760530 0.161420
v 0.071194 2.760990 0.154801
v 0.051883 2.741679 0.188078
v 0.057999 2.744212 0.186147
v 0.062876 2.747471 0.183012
v 0.067151 2.750328 0.178793
v 0.070659 2.752672 0.173651
v 0.073266 2.754414 0.167785
v 0.074872 2.755486 0.161420
v 0.075414 2.755849 0.154801
v 0.052707 2.740676 0.188078
v 0.059199 2.741968 0.186147
v 0.064618 2.744212 0.183012
v 0.069368 2.746180 0.178793
v 0.073266 2.747795 0.173651
v 0.076163 2.748995 0.167785
v 0.077947 2.749733 0.161420
v 0.078549 2.749983 0.154801
v 0.053318 2.739532 0.188078
v 0.059937 2.739532 0.186147
v 0.065691 2.740676 0.183012
v 0.070733 2.741679 0.178793
v 0.074872 2.742502 0.173651
v 0.077947 2.743114 0.167785
v 0.079840 2.743491 0.161420
v 0.080480 2.743618 0.154801
v 0.053695 2.738291 0.188078
v 0.060187 2.736999 0.186147
v 0.066053 2.736999 0.183012
v 0.071194 2.736999 0.178793
v 0.075414 2.736999 0.173651
v 0.078549 2.736999 0.167785
v 0.080480 2.736999 0.161420
v 0.081132 2.736999 0.154801
v 0.053822 2.736999 0.188078
v 0.059937 2.734466 0.186147
v 0.065691 2.733322 0.183012
v 0.070733 2.732319 0.178793
v 0.074872 2.731495 0.173651
v 0.077947 2.730884 0.167785
v 0.079840 2.730507 0.161420
v 0.080480 2.730380 0.154801
v 0.053695 2.735708 0.188078
v 0.059199 2.732030 0.186147
v 0.064618 2.729786 0.183012
v 0.069368 2.727818 0.178793
v 0.073266 2.726203 0.173651
v 0.076163 2.725003 0.167785
v 0.077947 2.724264 0.161420
v 0.078549 2.724015 0.154801
v 0.053318 2.734466 0.188078
v 0.057999 2.729786 0.186147
v 0.062876 2.726526 0.183012
v 0.067151 2.723670 0.178793
v 0.070659 2.721326 0.173651
v 0.073266 2.719584 0.167785
v 0.074872 2.718511 0.161420
v 0.075414 2.718149 0.154801
v 0.052707 2.733322 0.188078
v 0.056384 2.727818 0.186147
v 0.060532 2.723670 0.183012
v 0.064167 2.720034 0.178793
v 0.067151 2.717051 0.173651
v 0.069368 2.714834 0.167785
v 0.070733 2.713469 0.161420
v 0.071194 2.713007 0.154801
v 0.051883 2.732319 0.188078
v 0.054416 2.726203 0.186147
v 0.057675 2.721326 0.183012
v 0.060532 2.717051 0.178793
v 0.062876 2.713542 0.173651
v 0.064618 2.710935 0.167785
v 0.065691 2.709330 0.161420
v 0.066053 2.708788 0.154801
v 0.050880 2.731495 0.188078
v 0.052172 2.725003 0.186147
v 0.054416 2.719584 0.183012
v 0.056384 2.714834 0.178793
v 0.057999 2.710935 0.173651
v 0.059199 2.708039 0.167785
v 0.059937 2.706255 0.161420
v 0.060187 2.705652 0.154801
v 0.049736 2.730884 0.188078
v 0.049736 2.724264 0.186147
v 0.050880 2.718511 0.183012
v 0.051883 2.713469 0.178793
v 0.052707 2.709330 0.173651
v 0.053318 2.706255 0.167785
v 0.053695 2.704361 0.161420
v 0.053822 2.703722 0.154801
v 0.048494 2.730507 0.188078
v 0.047203 2.724015 0.186147
v 0.047203 2.718149 0.183012
v 0.047203 2.713007 0.178793
v 0.047203 2.708788 0.173651
v 0.047203 2.705652 0.167785
v 0.047203 2.703722 0.161420
v 0.047203 2.703070 0.154801
v 0.047203 2.730380 0.188078
v 0.044670 2.724264 0.186147
v 0.043525 2.718511 0.183012
v 0.042522 2.713469 0.178793
v 0.041699 2.709330 0.173651
v 0.041087 2.706255 0.167785
v 0.040711 2.704361 0.161420
v 0.040584 2.703722 0.154801
v 0.045912 2.730507 0.188078
v 0.042234 2.725003 0.186147
v 0.039989 2.719584 0.183012
v 0.038022 2.714834 0.178793
v 0.036407 2.710935 0.173651
v 0.035207 2.708039 0.167785
v 0.034468 2.706255 0.161420
v 0.034219 2.705652 0.154801
v 0.044670 2.730884 0.188078
v 0.039989 2.726203 0.186147
v 0.036730 2.721326 0.183012
v 0.033874 2.717051 0.178793
v 0.031530 2.713542 0.173651
v 0.029788 2.710935 0.167785
v 0.028715 2.709330 0.161420
v 0.028353 2.708788 0.154801
v 0.043525 2.731495 0.188078
v 0.038022 2.727818 0.186147
v 0.033874 2.723670 0.183012
v 0.030238 2.720034 0.178793
v 0.027255 2.717051 0.173651
v 0.025038 2.714834 0.167785
v 0.023672 2.713469 0.161420
v 0.023212 2.713007 0.154801
v 0.042522 2.732319 0.188078
v 0.036407 2.729786 0.186147
v 0.031530 2.726526 0.183012
v 0.027255 2.723670 0.178793
v 0.023746 2.721326 0.173651
v 0.021139 2.719584 0.167785
v 0.019534 2.718511 0.161420
v 0.018992 2.718149 0.154801
v 0.041699 2.733322 0.188078
v 0.035207 2.732030 0.186147
v 0.029788 2.729786 0.183012
v 0.025038 2.727818 0.178793
v 0.021139 2.726203 0.173651
v 0.018243 2.725003 0.167785
v 0.016459 2.724264 0.161420
v 0.015857 2.724015 0.154801
v 0.041087 2.734466 0.188078
v 0.034468 2.734466 0.186147
v 0.028715 2.733322 0.183012
v 0.023672 2.732319 0.178793
v 0.019534 2.731495 0.173651
v 0.016459 2.730884 0.167785
v 0.014565 2.730507 0.161420
v 0.013926 2.730380 0.154801
v 0.040711 2.735708 0.188078
v 0.047203 2.736999 0.188730
v 0.034219 2.736999 0.186147
v 0.028353 2.736999 0.183012
v 0.023212 2.736999 0.178793
v 0.018992 2.736999 0.173651
v 0.015857 2.736999 0.167785
v 0.013926 2.736999 0.161420
v 0.013274 2.736999 0.154801
v 0.040584 2.736999 0.188078
v 0.034468 2.739532 0.186147
v 0.028715 2.740676 0.183012
v 0.023672 2.741679 0.178793
v 0.019534 2.742502 0.173651
v 0.016459 2.743114 0.167785
v 0.014565 2.743491 0.161420
v 0.013926 2.743618 0.154801
v 0.040711 2.738291 0.188078
v 0.035207 2.741968 0.186147
v 0.029788 2.744212 0.183012
v 0.025038 2.746180 0.178793
v 0.021139 2.747795 0.173651
v 0.018243 2.748995 0.167785
v 0.016459 2.749733 0.161420
v 0.015857 2.749983 0.154801
v 0.041087 2.739532 0.188078
v 0.036407 2.744212 0.186147
v 0.031530 2.747471 0.183012
v 0.027255 2.750328 0.178793
v 0.023746 2.752672 0.173651
v 0.021139 2.754414 0.167785
v 0.019534 2.755486 0.161420
v 0.018992 2.755849 0.154801
v 0.041699 2.740676 0.188078
v 0.038022 2.746180 0.186147
v 0.033874 2.750328 0.183012
v 0.030238 2.753963 0.178793
v 0.027255 2.756947 0.173651
v 0.025038 2.759164 0.167785
v 0.023672 2.760529 0.161420
v 0.023212 2.760990 0.154801
v 0.042522 2.741679 0.188078
v 0.039989 2.747795 0.186147
v 0.036730 2.752672 0.183012
v 0.033874 2.756947 0.178793
v 0.031530 2.760455 0.173651
v 0.029788 2.763062 0.167785
v 0.028715 2.764668 0.161420
v 0.028353 2.765210 0.154801
v 0.043525 2.742502 0.188078
v 0.042234 2.748995 0.186147
v 0.039989 2.754414 0.183012
v 0.038022 2.759164 0.178793
v 0.036407 2.763062 0.173651
v 0.035207 2.765959 0.167785
v 0.034468 2.767743 0.161420
v 0.034219 2.768345 0.154801
v 0.044670 2.743114 0.188078
v 0.044670 2.749733 0.186147
v 0.043525 2.755486 0.183012
v 0.042522 2.760529 0.178793
v 0.041699 2.764668 0.173651
v 0.041087 2.767743 0.167785
v 0.040711 2.769637 0.161420
v 0.040584 2.770276 0.154801
v 0.045912 2.743491 0.188078
v 0.047203 2.760990 0.178793
vn -0.9905 -0.0619 0.1231
vn -0.9967 -0.0016 -0.0807
vn -0.9495 0.0437 -0.3107
vn -0.9707 -0.1065 0.2154
vn -0.9174 -0.2005 0.3439
vn -0.7925 -0.4268 0.4356
vn -0.6902 -0.5887 0.4209
vn -0.6220 -0.6316 0.4629
vn -0.3866 -0.6780 0.6252
vn -0.2179 0.1413 -0.9657
vn -0.1625 0.1455 -0.9759
vn -0.6788 0.1420 -0.7204
vn -0.4470 0.1606 -0.8800
vn -0.8117 0.1014 -0.5753
vn -0.8794 0.0721 -0.4705
vn -0.1165 0.3301 -0.9367
vn -0.9560 -0.1012 0.2752
vn -0.8829 -0.2441 0.4012
vn -0.5206 -0.4042 0.7520
vn -0.9976 0.0040 0.0689
vn -0.7652 0.4038 -0.5014
vn -0.6778 -0.3051 0.6689
vn -0.5886 0.4118 -0.6957
vn -0.9080 0.2883 -0.3039
vn -0.4576 -0.6977 0.5512
vn -0.5645 -0.5432 0.6215
vn -0.9777 0.1240 -0.1696
vn -0.1544 0.2855 -0.9458
vn -0.3337 0.3832 -0.8613
vn -0.9449 -0.1892 0.2672
vn -0.4410 -0.6860 0.5787
vn -0.1565 0.2174 -0.9635
vn -0.1721 0.2404 -0.9553
vn -0.4065 0.2771 -0.8706
vn -0.6478 0.2817 -0.7079
vn -0.8055 0.2503 -0.5371
vn -0.9036 0.1781 -0.3897
vn -0.9674 0.0864 -0.2379
vn -1.0000 -0.0009 0.0025
vn -0.9770 -0.0788 0.1980
vn -0.9538 -0.1406 0.2656
vn -0.9083 -0.2287 0.3502
vn -0.7596 -0.3670 0.5369
vn -0.6214 -0.5045 0.5995
vn -0.5955 -0.5876 0.5478
vn 0.9905 -0.0619 0.1231
vn 0.9967 -0.0016 -0.0807
vn 0.9495 0.0437 -0.3107
vn 0.9707 -0.1065 0.2154
vn 0.9174 -0.2005 0.3439
vn 0.7925 -0.4268 0.4356
vn 0.6902 -0.5887 0.4209
vn 0.6220 -0.6316 0.4629
vn 0.3866 -0.6780 0.6252
vn 0.2179 0.1413 -0.9657
vn 0.1625 0.1455 -0.9759
vn 0.6788 0.1420 -0.7204
vn 0.4470 0.1606 -0.8800
vn 0.8117 0.1014 -0.5753
vn 0.8794 0.0721 -0.4705
vn 0.1165 0.3301 -0.9367
vn 0.9560 -0.1012 0.2752
vn 0.8829 -0.2441 0.4012
vn 0.5206 -0.4042 0.7520
vn 0.9976 0.0040 0.0689
vn 0.7652 0.4038 -0.5014
vn 0.6778 -0.3051 0.6689
vn 0.5886 0.4118 -0.6957
vn 0.9080 0.2883 -0.3039
vn 0.4576 -0.6977 0.5512
vn 0.5645 -0.5432 0.6215
vn 0.9777 0.1240 -0.1696
vn 0.1544 0.2855 -0.9458
vn 0.3337 0.3832 -0.8613
vn 0.9449 -0.1892 0.2672
vn 0.4410 -0.6860 0.5787
vn 0.1565 0.2174 -0.9635
vn 0.1721 0.2404 -0.9553
vn 0.4065 0.2771 -0.8706
vn 0.6478 0.2817 -0.7079
vn 0.8055 0.2503 -0.5371
vn 0.9036 0.1781 -0.3897
vn 0.9674 0.0864 -0.2379
vn 1.0000 -0.0009 0.0025
vn 0.9770 -0.0788 0.1980
vn 0.9538 -0.1406 0.2656
vn 0.9083 -0.2287 0.3502
vn 0.7596 -0.3670 0.5369
vn 0.6214 -0.5045 0.5995
vn 0.5955 -0.5876 0.5478
vn -0.0000 -0.7114 0.7028
vn -0.0000 0.1651 -0.9863
vn -0.0000 0.2755 -0.9613
vn -0.0000 -0.8040 0.5946
vn -0.0000 -0.7565 0.6539
vn -0.0000 0.2204 -0.9754
vn -0.9784 -0.2066 -0.0064
vn -0.9758 -0.1504 -0.1589
vn -0.9525 -0.2927 0.0839
vn -0.9052 -0.4206 0.0612
vn -0.7926 -0.6056 0.0710
vn -0.6899 -0.7127 0.1271
vn -0.5383 -0.8306 0.1429
vn -0.2465 -0.9636 0.1036
vn -0.4617 -0.2442 0.8527
vn -0.1759 -0.2419 0.9542
vn -0.6929 -0.3347 0.6386
vn -0.4588 -0.2727 0.8456
vn -0.3195 -0.6236 0.7135
vn -0.1921 -0.5126 0.8369
vn -0.2265 -0.6090 0.7602
vn -0.2343 -0.5034 0.8317
vn -0.3347 -0.3563 0.8724
vn -0.5224 -0.2187 0.8242
vn -0.7268 -0.1440 0.6716
vn -0.2255 -0.1229 0.9665
vn -0.3177 -0.0280 0.9478
vn -0.4379 0.0913 0.8944
vn -0.6533 0.1329 0.7454
vn -0.8625 0.0409 0.5045
vn -0.1150 -0.5698 0.8137
vn -0.0909 -0.5210 0.8487
vn -0.1891 -0.4165 0.8893
vn -0.3605 -0.3197 0.8763
vn -0.5302 -0.2572 0.8079
vn -0.7371 0.2312 0.6350
vn -0.7227 0.3714 0.5829
vn -0.6642 0.4584 0.5906
vn -0.5808 0.5095 0.6349
vn -0.8766 0.1564 0.4551
vn -0.8709 0.2917 0.3955
vn -0.8302 0.3939 0.3945
vn -0.7559 0.4940 0.4295
vn -0.6789 0.0668 0.7312
vn -0.4207 0.2329 0.8768
vn -0.1553 0.1941 0.9686
vn -0.0736 0.0231 0.9970
vn -0.2048 -0.0715 0.9762
vn -0.4428 -0.0469 0.8954
vn -0.5653 -0.0004 0.8249
vn -0.7065 0.4005 0.5835
vn -0.4068 0.4102 0.8163
vn -0.2723 0.2339 0.9334
vn -0.3004 0.0708 0.9512
vn -0.4859 0.0370 0.8732
vn -0.6515 0.0580 0.7564
vn -0.6406 -0.2050 0.7401
vn -0.6238 -0.0585 0.7794
vn -0.6700 -0.1364 0.7297
vn -0.8258 -0.0801 0.5582
vn -0.9204 0.0399 0.3888
vn -0.8372 0.0029 0.5469
vn -0.9050 0.0884 0.4160
vn -0.7611 0.0293 0.6479
vn -0.8757 0.0653 0.4785
vn -0.7915 0.0140 0.6110
vn -0.6005 -0.0310 0.7990
vn -0.4423 0.0497 0.8955
vn -0.4409 0.2002 0.8749
vn -0.5778 0.3353 0.7441
vn -0.7341 0.3720 0.5680
vn -0.7968 0.4289 0.4256
vn -0.7673 0.4012 0.5004
vn -0.3114 -0.0509 0.9489
vn -0.3574 -0.4631 0.8110
vn -0.2993 -0.5362 0.7892
vn -0.1932 -0.6120 0.7669
vn -0.0766 -0.6597 0.7476
vn -0.0360 -0.6637 0.7471
vn -0.0383 -0.6632 0.7475
vn -0.1226 -0.6539 0.7466
vn -0.2429 -0.5344 0.8096
vn -0.2929 -0.3091 0.9048
vn -0.2623 0.0353 0.9643
vn -0.3356 0.4296 0.8384
vn -0.3036 0.3732 0.8767
vn -0.0981 0.3278 0.9397
vn 0.0168 0.3199 0.9473
vn 0.0110 0.3072 0.9516
vn -0.1396 0.2348 0.9620
vn -0.5180 -0.1998 0.8317
vn -0.6188 -0.5523 0.5587
vn -0.7319 -0.6398 0.2343
vn -0.4931 -0.8673 0.0677
vn -0.1965 0.4824 0.8536
vn -0.2293 0.8175 0.5283
vn -0.0322 0.9382 0.3445
vn 0.0517 0.9530 0.2985
vn 0.0399 0.9510 0.3065
vn 0.1141 0.9175 0.3810
vn 0.4305 0.5678 0.7017
vn 0.6014 -0.3662 0.7101
vn 0.4842 -0.8060 0.3405
vn 0.4500 -0.8887 0.0883
vn 0.3971 -0.9176 -0.0191
vn 0.1625 -0.9836 -0.0786
vn -0.1635 -0.9855 -0.0460
vn -0.8796 0.1454 0.4530
vn -0.4993 0.0001 0.8664
vn -0.0152 -0.2671 0.9636
vn -0.8065 -0.5679 0.1645
vn -0.5026 -0.6140 0.6086
vn -0.3102 -0.8515 0.4227
vn -0.4830 -0.8701 -0.0978
vn -0.1355 -0.9181 0.3724
vn -0.1609 -0.9653 -0.2056
vn 0.0570 -0.9217 0.3837
vn 0.1684 -0.9675 -0.1889
vn 0.2559 -0.8544 0.4523
vn 0.4371 -0.8937 -0.1015
vn 0.3616 -0.7622 0.5370
vn 0.5522 -0.8337 -0.0018
vn 0.4232 -0.6701 0.6098
vn 0.6572 -0.7279 0.1958
vn 0.4475 -0.3268 0.8325
vn 0.7626 -0.2519 0.5958
vn 0.3113 0.2306 0.9219
vn 0.5508 0.5181 0.6544
vn 0.1220 0.5544 0.8232
vn 0.2354 0.8940 0.3812
vn 0.0343 0.6296 0.7762
vn 0.1169 0.9633 0.2416
vn 0.0153 0.6372 0.7705
vn 0.0599 0.9773 0.2032
vn 0.0130 0.6639 0.7477
vn -0.0377 0.9797 0.1968
vn -0.1945 0.5582 0.8066
vn -0.3742 0.8698 0.3216
vn -0.5260 0.0018 0.8505
vn -0.8692 0.2104 0.4475
vn -0.7840 0.5184 0.3414
vn -0.8379 0.4730 0.2722
vn -0.7324 0.3188 0.6017
vn -0.7137 -0.1101 0.6917
vn -0.6410 -0.7163 0.2758
vn -0.9203 0.3227 0.2213
vn -0.8490 0.2549 0.4628
vn -0.5880 0.1808 0.7884
vn -0.7882 0.3242 0.5231
vn -0.7215 -0.1743 0.6701
vn -0.2664 -0.9433 0.1980
vn -0.8845 0.2105 0.4164
vn -0.8273 -0.2197 0.5170
vn -0.2224 -0.9087 0.3532
vn -0.9645 0.0072 0.2641
vn -0.0904 -0.8620 0.4987
vn -0.8613 -0.3892 0.3267
vn -0.9014 0.0010 0.4330
vn -0.7891 -0.2715 0.5510
vn -0.1254 -0.1754 0.9765
vn -0.6495 0.0738 0.7568
vn -0.6642 -0.0087 0.7475
vn -0.5199 0.0054 0.8542
vn -0.5286 0.3846 0.7568
vn -0.4876 0.0247 0.8727
vn -0.4451 -0.5229 0.7269
vn -0.3389 -0.8589 0.3841
vn -0.4454 -0.8771 0.1797
vn -0.4243 -0.2231 0.8776
vn -0.6884 -0.7231 -0.0561
vn -0.9565 -0.2826 0.0722
vn -0.6466 0.2590 0.7175
vn -0.1559 0.3215 0.9340
vn -0.3328 -0.8247 -0.4572
vn 0.3011 -0.8585 -0.4151
vn 0.6355 -0.7580 -0.1469
vn 0.7424 -0.6058 0.2862
vn 0.5256 -0.3332 0.7828
vn -0.0314 -0.1097 0.9935
vn -0.6392 -0.3083 0.7046
vn -0.9023 -0.4222 0.0874
vn -0.7754 -0.5587 -0.2945
vn 0.0711 -0.9967 0.0383
vn -0.2804 0.1595 0.9465
vn -0.0311 0.2214 0.9747
vn -0.3454 0.1300 0.9294
vn -0.5822 -0.0093 0.8130
vn -0.6009 -0.0467 0.7980
vn -0.5490 0.0335 0.8351
vn -0.4967 0.0924 0.8630
vn -0.5524 -0.0085 0.8335
vn -0.6629 -0.1143 0.7399
vn -0.8929 -0.1197 0.4341
vn -0.9561 0.0043 0.2929
vn -0.9369 0.0613 0.3441
vn -0.9231 0.0347 0.3831
vn -0.9057 0.0264 0.4231
vn -0.7381 0.2229 0.6368
vn -0.5120 0.3222 0.7963
vn -0.3787 0.3127 0.8711
vn -0.2487 0.2964 0.9221
vn -0.1235 0.2728 0.9541
vn -0.1069 -0.2776 0.9547
vn -0.3835 -0.3381 0.8594
vn -0.5319 -0.3719 0.7608
vn -0.5578 -0.4039 0.7251
vn -0.5705 -0.1391 0.8094
vn -0.4674 -0.5306 0.7071
vn -0.3641 -0.3449 0.8651
vn -0.5924 -0.0533 0.8039
vn -0.6604 -0.1243 0.7405
vn -0.6054 -0.1815 0.7750
vn -0.8004 -0.1893 0.5689
vn -0.9811 -0.1536 0.1181
vn -0.9376 -0.2219 0.2677
vn -0.7248 -0.1848 0.6637
vn -0.9895 -0.0724 0.1253
vn -0.9505 0.0310 0.3093
vn -0.9219 0.0329 0.3860
vn -0.5066 -0.0114 0.8621
vn -0.6277 -0.1439 0.7651
vn -0.5697 -0.3408 0.7479
vn -0.4386 -0.4770 0.7616
vn -0.2251 -0.5745 0.7869
vn -0.5422 -0.1751 0.8218
vn -0.5219 -0.1285 0.8432
vn -0.4920 -0.1511 0.8574
vn -0.4023 -0.1858 0.8964
vn -0.2282 -0.2213 0.9481
vn -0.8558 -0.2783 0.4361
vn -0.6623 -0.1985 0.7225
vn -0.2443 -0.0208 0.9695
vn -0.2674 -0.1091 0.9574
vn -0.2699 -0.5714 0.7750
vn -0.2035 -0.9183 0.3397
vn -0.4267 -0.0366 0.9037
vn -0.5212 -0.0872 0.8490
vn -0.5875 -0.1563 0.7939
vn -0.5149 -0.1122 0.8499
vn -0.6404 -0.2193 0.7360
vn -0.7131 -0.3224 0.6225
vn -0.7806 -0.3303 0.5306
vn -0.5880 -0.5134 0.6250
vn -0.7214 -0.5516 0.4187
vn -0.4833 -0.8457 0.2261
vn -0.6159 -0.7864 0.0485
vn -0.7471 -0.6152 0.2517
vn -0.8950 -0.4404 0.0705
vn -0.9607 -0.2764 -0.0261
vn -0.2442 -0.9672 -0.0702
vn -0.4904 -0.8667 -0.0911
vn -0.9187 -0.3660 -0.1484
vn -0.8470 -0.5096 -0.1512
vn -0.7094 -0.7008 -0.0751
vn -0.6456 -0.7632 -0.0266
vn -0.9130 0.0022 0.4080
vn -0.1569 0.3874 0.9085
vn -0.3120 0.3602 0.8791
vn -0.4501 0.3350 0.8278
vn -0.5934 0.3201 0.7385
vn -0.8243 0.1405 0.5484
vn -0.1575 -0.1485 0.9763
vn -0.3322 -0.1843 0.9250
vn -0.4433 -0.2194 0.8691
vn -0.5016 -0.2630 0.8242
vn -0.0700 0.2594 0.9632
vn -0.4082 0.0789 0.9095
vn -0.6119 -0.0664 0.7881
vn -0.6175 -0.1740 0.7671
vn -0.5121 -0.3287 0.7935
vn -0.4433 -0.2702 0.8547
vn -0.4774 -0.1203 0.8704
vn -0.5618 -0.1703 0.8096
vn -0.5252 -0.3174 0.7896
vn -0.4061 -0.4578 0.7909
vn -0.2089 -0.5734 0.7922
vn -0.1169 -0.7526 0.6481
vn -0.0813 -0.6875 0.7216
vn -0.2278 -0.7621 0.6060
vn -0.2566 -0.6884 0.6785
vn -0.2799 -0.7611 0.5852
vn -0.3565 -0.6638 0.6575
vn -0.3146 -0.7591 0.5699
vn -0.4087 -0.6474 0.6433
vn -0.3336 -0.7707 0.5430
vn -0.3951 -0.6918 0.6044
vn -0.4390 -0.2971 0.8479
vn -0.3849 -0.3303 0.8618
vn -0.2216 0.0508 0.9738
vn -0.1137 0.5375 0.8356
vn -0.4641 0.0510 0.8843
vn -0.3472 0.4932 0.7976
vn -0.5758 0.0843 0.8132
vn -0.4772 0.4374 0.7622
vn -0.6066 0.1746 0.7756
vn -0.5303 0.3792 0.7583
vn -0.4803 0.1814 0.8581
vn -0.4837 0.3103 0.8184
vn -0.8814 -0.1442 0.4497
vn -0.7604 0.0849 0.6439
vn -0.5497 0.6346 0.5432
vn -0.4037 0.9113 0.0809
vn -0.2828 0.8745 -0.3941
vn -0.1352 -0.2360 -0.9623
vn -0.1859 -0.5311 -0.8267
vn -0.2146 -0.5919 -0.7769
vn -0.3071 -0.7757 -0.5513
vn -0.5679 -0.6010 0.5623
vn -0.8251 -0.3339 0.4558
vn -0.9257 -0.1611 0.3423
vn -0.9282 -0.1404 0.3447
vn -0.9330 -0.2829 -0.2226
vn -0.9088 -0.3811 -0.1698
vn -0.8486 -0.5252 0.0629
vn -0.6893 -0.6299 0.3578
vn -0.5851 -0.5392 0.6058
vn -0.8546 -0.0279 0.5186
vn -0.8722 0.0009 0.4891
vn -0.8934 0.0106 0.4491
vn -0.9179 -0.0480 0.3938
vn -0.9898 -0.0879 0.1121
vn -0.9883 -0.1494 -0.0322
vn -0.9343 -0.1786 0.3087
vn -0.5877 0.0757 0.8055
vn -0.7347 -0.5835 0.3459
vn -0.7230 0.1076 0.6824
vn -0.7951 -0.6048 -0.0461
vn -0.8483 0.1918 0.4936
vn -0.8104 0.5371 -0.2342
vn -0.8679 0.0340 0.4956
vn -0.5281 0.7073 0.4699
vn -0.7224 -0.2642 0.6390
vn -0.6915 -0.2774 0.6670
vn -0.6964 -0.6285 0.3464
vn -0.6281 0.7043 0.3309
vn -0.5059 0.7249 -0.4675
vn -0.6794 -0.6944 -0.2369
vn -0.4785 -0.1839 -0.8586
vn -0.3059 0.2403 -0.9213
vn -0.9889 0.1309 -0.0696
vn -0.8854 -0.0149 0.4647
vn -0.8565 -0.0549 0.5132
vn -0.9847 0.0257 0.1725
vn -0.9313 0.0080 0.3641
vn -0.7652 0.1079 -0.6347
vn -0.6506 0.0377 0.7585
vn -0.7093 0.0008 0.7049
vn -0.7208 -0.1534 0.6760
vn -0.9724 -0.2130 -0.0948
vn -0.8726 -0.2757 -0.4032
vn -0.9109 -0.0792 0.4051
vn -0.9004 -0.0090 0.4350
vn -0.8763 -0.0726 0.4762
vn -0.7932 -0.0564 0.6063
vn -0.9862 -0.1651 0.0137
vn -0.9601 -0.2209 0.1712
vn -0.9192 -0.0649 0.3884
vn -0.8873 -0.0485 0.4586
vn -0.8539 0.1225 0.5058
vn -0.0755 0.1797 -0.9808
vn -0.8134 -0.0967 0.5736
vn -0.9061 0.0272 0.4221
vn -0.5638 0.3138 0.7640
vn -0.7111 0.2387 0.6613
vn -0.8970 0.0244 0.4413
vn -0.6582 -0.0492 0.7512
vn -0.7208 -0.1027 0.6855
vn -0.6163 -0.1160 0.7789
vn -0.9852 0.0448 0.1652
vn -0.1467 0.6113 -0.7776
vn -0.6926 -0.2942 0.6586
vn -0.8191 0.2118 0.5332
vn -0.8490 -0.1507 0.5064
vn -0.6663 -0.1857 0.7222
vn -0.7122 -0.0311 0.7012
vn -0.8826 0.1164 0.4554
vn -0.5743 0.3185 0.7541
vn -0.7270 0.3853 0.5683
vn -0.8925 0.1570 0.4228
vn -0.9530 -0.1797 -0.2441
vn -0.2766 -0.9605 0.0312
vn -0.5342 -0.8443 0.0427
vn -0.6650 -0.7463 0.0282
vn -0.7524 -0.6584 -0.0190
vn -0.8864 -0.4593 -0.0580
vn -0.9343 -0.3563 -0.0130
vn -0.3771 -0.9147 0.1455
vn -0.8834 -0.0769 0.4623
vn -0.8551 0.1641 0.4919
vn -0.9137 -0.1337 0.3838
vn -0.9266 0.0537 0.3722
vn -0.9338 -0.1655 0.3172
vn -0.9954 -0.0904 0.0322
vn -0.9785 -0.1737 0.1116
vn -0.9417 0.1342 0.3086
vn -0.7449 0.0769 0.6628
vn -0.7837 -0.0852 0.6152
vn -0.8423 -0.1621 0.5141
vn -0.9327 -0.1687 0.3187
vn -0.9788 -0.2046 0.0037
vn -0.5758 -0.7296 0.3689
vn 0.1046 0.7788 -0.6185
vn -0.9893 -0.1386 0.0450
vn 0.2657 -0.6819 -0.6815
vn -0.9220 -0.3872 0.0075
vn 0.2404 -0.4813 -0.8429
vn -0.9825 -0.1175 0.1448
vn 0.2727 -0.3779 -0.8848
vn -0.9994 -0.0302 -0.0140
vn 0.0831 0.9800 -0.1810
vn -0.8599 -0.3625 -0.3594
vn -0.8733 -0.0330 0.4861
vn -0.9058 -0.2726 -0.3245
vn -0.9473 -0.1302 0.2926
vn -0.9410 -0.3070 -0.1424
vn 0.2732 0.1918 -0.9426
vn -0.9740 -0.2208 -0.0500
vn -0.9908 0.0893 0.1018
vn 0.1854 0.4570 -0.8699
vn -0.9423 -0.3331 0.0348
vn 0.3061 -0.0924 -0.9475
vn -0.9059 -0.3378 -0.2555
vn -0.1140 0.8759 0.4688
vn -0.9383 -0.3430 -0.0433
vn -0.5940 0.3579 0.7204
vn -0.9837 -0.0330 0.1767
vn 0.0027 -0.9969 -0.0791
vn -0.9483 -0.3095 -0.0696
vn -0.8719 -0.3783 0.3111
vn -0.9547 -0.2954 -0.0347
vn -0.9503 -0.1740 0.2582
vn -0.8614 -0.2405 0.4475
vn -0.9518 -0.3067 0.0044
vn -0.9111 -0.4117 0.0199
vn -0.9064 -0.3714 0.2012
vn -0.9307 -0.1637 0.3270
vn -0.9422 -0.0759 0.3264
vn -0.9548 -0.2590 0.1460
vn -0.9412 -0.2691 0.2042
vn -0.9402 -0.3401 -0.0199
vn -0.8813 -0.4723 -0.0146
vn -0.9347 -0.1595 0.3177
vn -0.9704 -0.1664 0.1752
vn -0.9881 -0.1492 0.0361
vn -0.9940 -0.0497 0.0972
vn -0.7942 -0.2739 0.5424
vn -0.8124 -0.4600 0.3584
vn -0.7933 -0.5857 0.1661
vn -0.1490 -0.9888 -0.0024
vn -0.3225 -0.9460 -0.0341
vn -0.4069 -0.9081 -0.0987
vn -0.1855 -0.9782 -0.0938
vn -0.9758 -0.1876 0.1126
vn -0.9791 -0.1367 0.1505
vn -0.9287 -0.3510 0.1196
vn -0.9576 -0.0565 0.2826
vn -0.7274 0.6329 0.2651
vn -0.7807 0.5995 -0.1762
vn -0.5345 -0.3299 -0.7781
vn -0.4271 -0.4983 -0.7545
vn -0.3808 -0.5489 -0.7441
vn -0.2653 -0.7127 -0.6494
vn -0.8806 0.2353 -0.4113
vn -0.8544 0.2527 0.4540
vn -0.8425 -0.5296 0.0985
vn -0.7054 -0.7075 -0.0433
vn -0.7376 -0.1609 -0.6558
vn -0.8524 -0.0207 -0.5224
vn -0.2155 0.3225 0.9217
vn -0.3110 0.4654 0.8286
vn -0.3945 0.5905 0.7041
vn -0.4630 0.6929 0.5528
vn -0.5138 0.7689 0.3805
vn -0.5450 0.8157 0.1939
vn -0.5529 0.8275 0.0980
vn -0.3808 0.9194 0.0980
vn -0.3754 0.9063 0.1939
vn -0.3539 0.8544 0.3805
vn -0.3189 0.7699 0.5528
vn -0.2718 0.6561 0.7041
vn -0.2142 0.5172 0.8286
vn -0.1484 0.3584 0.9217
vn -0.0769 0.1857 0.9796
vn -0.0392 0.1971 0.9796
vn -0.0757 0.3804 0.9217
vn -0.1092 0.5490 0.8286
vn -0.1385 0.6965 0.7041
vn -0.1626 0.8173 0.5528
vn -0.1804 0.9070 0.3805
vn -0.1914 0.9622 0.1939
vn -0.1942 0.9761 0.0980
vn -0.0000 0.9952 0.0980
vn -0.0000 0.9810 0.1939
vn -0.0000 0.9248 0.3805
vn -0.0000 0.8333 0.5528
vn -0.0000 0.5598 0.8286
vn -0.0000 0.3879 0.9217
vn -0.0000 0.2010 0.9796
vn -0.1116 0.1671 0.9796
vn -0.2743 0.2743 0.9217
vn -0.3958 0.3958 0.8286
vn -0.5021 0.5021 0.7041
vn -0.5893 0.5893 0.5528
vn -0.6539 0.6539 0.3805
vn -0.6937 0.6937 0.1939
vn -0.7037 0.7037 0.0980
vn -0.1421 0.1421 0.9796
vn -0.3225 0.2155 0.9217
vn -0.4654 0.3110 0.8287
vn -0.5905 0.3945 0.7041
vn -0.6929 0.4630 0.5528
vn -0.7689 0.5138 0.3805
vn -0.8157 0.5450 0.1939
vn -0.8275 0.5529 0.0980
vn -0.1671 0.1117 0.9796
vn -0.3584 0.1484 0.9217
vn -0.5172 0.2142 0.8286
vn -0.6561 0.2718 0.7041
vn -0.7699 0.3189 0.5528
vn -0.8544 0.3539 0.3805
vn -0.9063 0.3754 0.1939
vn -0.9194 0.3808 0.0980
vn -0.1857 0.0769 0.9796
vn -0.3804 0.0757 0.9217
vn -0.5490 0.1092 0.8286
vn -0.6965 0.1385 0.7041
vn -0.8173 0.1626 0.5528
vn -0.9070 0.1804 0.3805
vn -0.9622 0.1914 0.1939
vn -0.9761 0.1941 0.0980
vn -0.1971 0.0392 0.9796
vn -0.3879 -0.0000 0.9217
vn -0.5598 -0.0000 0.8287
vn -0.7101 -0.0000 0.7041
vn -0.8333 -0.0000 0.5528
vn -0.9248 -0.0000 0.3805
vn -0.9810 -0.0000 0.1939
vn -0.9952 -0.0000 0.0980
vn -0.2009 -0.0000 0.9796
vn -0.3804 -0.0757 0.9217
vn -0.5490 -0.1092 0.8286
vn -0.6965 -0.1385 0.7041
vn -0.8173 -0.1626 0.5528
vn -0.9070 -0.1804 0.3805
vn -0.9622 -0.1914 0.1939
vn -0.9761 -0.1941 0.0980
vn -0.1971 -0.0392 0.9796
vn -0.3584 -0.1484 0.9217
vn -0.5172 -0.2142 0.8286
vn -0.6561 -0.2718 0.7041
vn -0.7699 -0.3189 0.5528
vn -0.8544 -0.3539 0.3805
vn -0.9063 -0.3754 0.1939
vn -0.9194 -0.3808 0.0980
vn -0.1857 -0.0769 0.9796
vn -0.3225 -0.2155 0.9217
vn -0.4654 -0.3110 0.8286
vn -0.5905 -0.3945 0.7041
vn -0.6929 -0.4630 0.5528
vn -0.7689 -0.5138 0.3805
vn -0.8157 -0.5450 0.1939
vn -0.8275 -0.5529 0.0980
vn -0.1671 -0.1116 0.9796
vn -0.2743 -0.2743 0.9217
vn -0.3958 -0.3958 0.8286
vn -0.5022 -0.5021 0.7041
vn -0.5893 -0.5893 0.5528
vn -0.6539 -0.6539 0.3805
vn -0.6937 -0.6937 0.1939
vn -0.7037 -0.7037 0.0980
vn -0.1421 -0.1421 0.9796
vn -0.2155 -0.3225 0.9217
vn -0.3110 -0.4654 0.8286
vn -0.3945 -0.5905 0.7041
vn -0.4630 -0.6929 0.5528
vn -0.5138 -0.7689 0.3805
vn -0.5450 -0.8157 0.1939
vn -0.5529 -0.8275 0.0980
vn -0.1117 -0.1671 0.9796
vn -0.1484 -0.3584 0.9217
vn -0.2142 -0.5172 0.8286
vn -0.2718 -0.6561 0.7041
vn -0.3189 -0.7699 0.5528
vn -0.3539 -0.8544 0.3805
vn -0.3754 -0.9063 0.1939
vn -0.3808 -0.9194 0.0980
vn -0.0769 -0.1857 0.9796
vn -0.0757 -0.3804 0.9217
vn -0.1092 -0.5490 0.8286
vn -0.1385 -0.6965 0.7041
vn -0.1626 -0.8173 0.5528
vn -0.1804 -0.9070 0.3805
vn -0.1914 -0.9622 0.1939
vn -0.1941 -0.9761 0.0980
vn -0.0392 -0.1971 0.9796
vn -0.0000 -0.3879 0.9217
vn -0.0000 -0.5598 0.8286
vn -0.0000 -0.7101 0.7041
vn -0.0000 -0.8333 0.5528
vn -0.0000 -0.9248 0.3805
vn -0.0000 -0.9810 0.1939
vn -0.0000 -0.9952 0.0980
vn -0.0000 -0.2010 0.9796
vn 0.0757 -0.3804 0.9217
vn 0.1092 -0.5490 0.8286
vn 0.1385 -0.6965 0.7041
vn 0.1626 -0.8173 0.5528
vn 0.1804 -0.9070 0.3805
vn 0.1914 -0.9622 0.1939
vn 0.1941 -0.9761 0.0980
vn 0.0392 -0.1971 0.9796
vn 0.1484 -0.3584 0.9217
vn 0.2142 -0.5172 0.8286
vn 0.2718 -0.6561 0.7041
vn 0.3189 -0.7699 0.5528
vn 0.3539 -0.8544 0.3805
vn 0.3754 -0.9063 0.1939
vn 0.3808 -0.9194 0.0980
vn 0.0769 -0.1857 0.9796
vn 0.2155 -0.3225 0.9217
vn 0.3110 -0.4654 0.8286
vn 0.3945 -0.5905 0.7041
vn 0.4630 -0.6929 0.5528
vn 0.5138 -0.7689 0.3805
vn 0.5450 -0.8157 0.1939
vn 0.5529 -0.8275 0.0980
vn 0.1117 -0.1671 0.9796
vn 0.2743 -0.2743 0.9217
vn 0.3958 -0.3958 0.8286
vn 0.5022 -0.5021 0.7041
vn 0.5893 -0.5893 0.5528
vn 0.6539 -0.6539 0.3805
vn 0.6937 -0.6937 0.1939
vn 0.7037 -0.7037 0.0980
vn 0.1421 -0.1421 0.9796
vn 0.3225 -0.2155 0.9217
vn 0.4654 -0.3110 0.8286
vn 0.5905 -0.3945 0.7041
vn 0.6929 -0.4630 0.5528
vn 0.7689 -0.5138 0.3805
vn 0.8157 -0.5450 0.1939
vn 0.8275 -0.5529 0.0980
vn 0.1671 -0.1117 0.9796
vn 0.3584 -0.1484 0.9217
vn 0.5172 -0.2142 0.8286
vn 0.6561 -0.2718 0.7041
vn 0.7699 -0.3189 0.5528
vn 0.8544 -0.3539 0.3805
vn 0.9063 -0.3754 0.1939
vn 0.9194 -0.3808 0.0980
vn 0.1857 -0.0769 0.9796
vn 0.3804 -0.0757 0.9217
vn 0.5490 -0.1092 0.8286
vn 0.6965 -0.1385 0.7041
vn 0.8173 -0.1626 0.5528
vn 0.9070 -0.1804 0.3805
vn 0.9622 -0.1914 0.1939
vn 0.9761 -0.1941 0.0980
vn 0.1971 -0.0392 0.9796
vn -0.0000 -0.0000 1.0000
vn 0.3879 -0.0000 0.9217
vn 0.5598 -0.0000 0.8287
vn 0.7101 -0.0000 0.7041
vn 0.8333 -0.0000 0.5528
vn 0.9248 -0.0000 0.3805
vn 0.9810 -0.0000 0.1939
vn 0.9952 -0.0000 0.0980
vn 0.2010 -0.0000 0.9796
vn 0.3804 0.0757 0.9217
vn 0.5490 0.1092 0.8286
vn 0.6965 0.1385 0.7041
vn 0.8173 0.1626 0.5528
vn 0.9070 0.1804 0.3805
vn 0.9622 0.1914 0.1939
vn 0.9761 0.1941 0.0980
vn 0.1971 0.0392 0.9796
vn 0.3584 0.1484 0.9217
vn 0.5172 0.2142 0.8286
vn 0.6561 0.2718 0.7041
vn 0.7699 0.3189 0.5528
vn 0.8544 0.3539 0.3805
vn 0.9063 0.3754 0.1939
vn 0.9194 0.3808 0.0980
vn 0.1857 0.0769 0.9796
vn 0.3225 0.2155 0.9217
vn 0.4654 0.3110 0.8287
vn 0.5905 0.3945 0.7041
vn 0.6929 0.4630 0.5528
vn 0.7689 0.5138 0.3805
vn 0.8157 0.5450 0.1939
vn 0.8275 0.5529 0.0980
vn 0.1671 0.1117 0.9796
vn 0.2743 0.2743 0.9217
vn 0.3958 0.3958 0.8287
vn 0.5021 0.5021 0.7041
vn 0.5893 0.5893 0.5528
vn 0.6539 0.6539 0.3805
vn 0.6937 0.6937 0.1939
vn 0.7037 0.7037 0.0980
vn 0.1421 0.1421 0.9796
vn 0.2155 0.3225 0.9217
vn 0.3110 0.4654 0.8286
vn 0.3945 0.5905 0.7041
vn 0.4630 0.6929 0.5528
vn 0.5138 0.7689 0.3805
vn 0.5450 0.8157 0.1939
vn 0.5529 0.8275 0.0980
vn 0.1116 0.1671 0.9796
vn 0.1485 0.3584 0.9217
vn 0.2142 0.5172 0.8286
vn 0.2718 0.6561 0.7041
vn 0.3189 0.7699 0.5528
vn 0.3539 0.8544 0.3805
vn 0.3754 0.9063 0.1939
vn 0.3808 0.9194 0.0980
vn 0.0769 0.1857 0.9796
vn 0.0757 0.3804 0.9217
vn 0.1092 0.5490 0.8286
vn 0.1385 0.6965 0.7041
vn 0.1626 0.8173 0.5528
vn 0.1804 0.9070 0.3805
vn 0.1914 0.9622 0.1939
vn 0.1942 0.9761 0.0980
vn 0.0392 0.1971 0.9796
vn -0.0000 0.7101 0.7041
vn 0.9784 -0.2066 -0.0064
vn 0.9758 -0.1504 -0.1589
vn 0.9525 -0.2927 0.0839
vn 0.9052 -0.4206 0.0612
vn 0.7926 -0.6056 0.0710
vn 0.6899 -0.7127 0.1271
vn 0.5383 -0.8306 0.1429
vn 0.2465 -0.9636 0.1036
vn 0.4617 -0.2442 0.8527
vn 0.1759 -0.2419 0.9542
vn 0.6929 -0.3347 0.6386
vn 0.4588 -0.2727 0.8456
vn 0.3195 -0.6236 0.7135
vn 0.1921 -0.5126 0.8369
vn 0.2265 -0.6090 0.7602
vn 0.2343 -0.5034 0.8317
vn 0.3347 -0.3563 0.8724
vn 0.5224 -0.2187 0.8242
vn 0.7268 -0.1440 0.6716
vn 0.2255 -0.1229 0.9665
vn 0.3177 -0.0280 0.9478
vn 0.4379 0.0913 0.8944
vn 0.6533 0.1329 0.7454
vn 0.8625 0.0409 0.5045
vn 0.1150 -0.5698 0.8137
vn 0.0909 -0.5210 0.8487
vn 0.1891 -0.4165 0.8893
vn 0.3605 -0.3197 0.8763
vn 0.5302 -0.2572 0.8079
vn 0.7371 0.2312 0.6350
vn 0.7227 0.3714 0.5829
vn 0.6642 0.4584 0.5906
vn 0.5808 0.5095 0.6349
vn 0.8766 0.1564 0.4551
vn 0.8709 0.2917 0.3955
vn 0.8302 0.3939 0.3945
vn 0.7559 0.4940 0.4295
vn 0.6789 0.0668 0.7312
vn 0.4207 0.2329 0.8768
vn 0.1553 0.1941 0.9686
vn 0.0736 0.0231 0.9970
vn 0.2048 -0.0715 0.9762
vn 0.4428 -0.0469 0.8954
vn 0.5653 -0.0004 0.8249
vn 0.7065 0.4005 0.5835
vn 0.4068 0.4102 0.8163
vn 0.2723 0.2339 0.9334
vn 0.3004 0.0708 0.9512
vn 0.4859 0.0370 0.8732
vn 0.6515 0.0580 0.7564
vn 0.6406 -0.2050 0.7401
vn 0.6238 -0.0585 0.7794
vn 0.6700 -0.1364 0.7297
vn 0.8258 -0.0801 0.5582
vn 0.9204 0.0399 0.3888
vn 0.8372 0.0029 0.5469
vn 0.9050 0.0884 0.4160
vn 0.7611 0.0293 0.6479
vn 0.8757 0.0653 0.4785
vn 0.7915 0.0140 0.6110
vn 0.6005 -0.0310 0.7990
vn 0.4423 0.0497 0.8955
vn 0.4409 0.2002 0.8749
vn 0.5778 0.3353 0.7441
vn 0.7341 0.3720 0.5680
vn 0.7968 0.4289 0.4256
vn 0.7673 0.4012 0.5004
vn 0.3114 -0.0509 0.9489
vn 0.3574 -0.4631 0.8110
vn 0.2993 -0.5362 0.7892
vn 0.1932 -0.6120 0.7669
vn 0.0766 -0.6597 0.7476
vn 0.0360 -0.6637 0.7471
vn 0.0383 -0.6632 0.7475
vn 0.1226 -0.6539 0.7466
vn 0.2429 -0.5344 0.8096
vn 0.2929 -0.3091 0.9048
vn 0.2623 0.0353 0.9643
vn 0.3356 0.4296 0.8384
vn 0.3036 0.3732 0.8767
vn 0.0981 0.3278 0.9397
vn -0.0168 0.3199 0.9473
vn -0.0110 0.3072 0.9516
vn 0.1396 0.2348 0.9620
vn 0.5180 -0.1998 0.8317
vn 0.6188 -0.5523 0.5587
vn 0.7319 -0.6399 0.2343
vn 0.4931 -0.8673 0.0677
vn 0.1965 0.4824 0.8536
vn 0.2293 0.8175 0.5283
vn 0.0322 0.9382 0.3445
vn -0.0517 0.9530 0.2985
vn -0.0398 0.9510 0.3065
vn -0.1141 0.9175 0.3810
vn -0.4305 0.5678 0.7017
vn -0.6014 -0.3662 0.7101
vn -0.4842 -0.8060 0.3405
vn -0.4500 -0.8887 0.0883
vn -0.3971 -0.9176 -0.0191
vn -0.1625 -0.9836 -0.0786
vn 0.1635 -0.9855 -0.0460
vn 0.8796 0.1454 0.4530
vn 0.4993 0.0001 0.8664
vn 0.0152 -0.2671 0.9636
vn 0.8065 -0.5679 0.1645
vn 0.5026 -0.6140 0.6086
vn 0.3102 -0.8515 0.4227
vn 0.4830 -0.8701 -0.0978
vn 0.1355 -0.9181 0.3724
vn 0.1609 -0.9653 -0.2056
vn -0.0570 -0.9217 0.3837
vn -0.1684 -0.9675 -0.1889
vn -0.2559 -0.8544 0.4523
vn -0.4371 -0.8936 -0.1015
vn -0.3616 -0.7622 0.5370
vn -0.5522 -0.8337 -0.0018
vn -0.4232 -0.6701 0.6098
vn -0.6572 -0.7279 0.1958
vn -0.4475 -0.3268 0.8325
vn -0.7626 -0.2519 0.5958
vn -0.3113 0.2306 0.9219
vn -0.5508 0.5181 0.6544
vn -0.1220 0.5544 0.8232
vn -0.2354 0.8940 0.3812
vn -0.0343 0.6296 0.7762
vn -0.1169 0.9633 0.2416
vn -0.0153 0.6372 0.7705
vn -0.0599 0.9773 0.2032
vn -0.0130 0.6639 0.7477
vn 0.0377 0.9797 0.1968
vn 0.1945 0.5582 0.8066
vn 0.3742 0.8698 0.3216
vn 0.5260 0.0018 0.8505
vn 0.8692 0.2104 0.4475
vn 0.7840 0.5184 0.3414
vn 0.8379 0.4730 0.2722
vn 0.7324 0.3188 0.6017
vn 0.7137 -0.1101 0.6917
vn 0.6410 -0.7163 0.2758
vn 0.9203 0.3227 0.2213
vn 0.8490 0.2549 0.4628
vn 0.5880 0.1808 0.7884
vn 0.7882 0.3242 0.5231
vn 0.7215 -0.1743 0.6701
vn 0.2664 -0.9433 0.1980
vn 0.8845 0.2105 0.4164
vn 0.8273 -0.2197 0.5170
vn 0.2224 -0.9087 0.3532
vn 0.9645 0.0072 0.2641
vn 0.0904 -0.8620 0.4987
vn 0.8613 -0.3892 0.3267
vn 0.9014 0.0010 0.4330
vn 0.7891 -0.2715 0.5510
vn 0.1254 -0.1754 0.9765
vn 0.6495 0.0738 0.7568
vn 0.6642 -0.0087 0.7475
vn 0.5199 0.0054 0.8542
vn 0.5286 0.3846 0.7568
vn 0.4876 0.0247 0.8727
vn 0.4451 -0.5229 0.7269
vn 0.3389 -0.8589 0.3841
vn 0.4454 -0.8771 0.1797
vn 0.4243 -0.2231 0.8776
vn 0.6884 -0.7231 -0.0561
vn 0.9565 -0.2826 0.0722
vn 0.6466 0.2590 0.7175
vn 0.1559 0.3215 0.9340
vn 0.3328 -0.8247 -0.4572
vn -0.3011 -0.8585 -0.4151
vn -0.6355 -0.7580 -0.1469
vn -0.7424 -0.6058 0.2862
vn -0.5256 -0.3331 0.7828
vn 0.0314 -0.1097 0.9935
vn 0.6392 -0.3083 0.7046
vn 0.9023 -0.4222 0.0874
vn 0.7753 -0.5587 -0.2945
vn -0.0711 -0.9967 0.0383
vn 0.2804 0.1595 0.9465
vn 0.0312 0.2214 0.9747
vn 0.3454 0.1300 0.9294
vn 0.5822 -0.0093 0.8130
vn 0.6009 -0.0467 0.7980
vn 0.5490 0.0335 0.8351
vn 0.4967 0.0924 0.8630
vn 0.5524 -0.0085 0.8335
vn 0.6629 -0.1143 0.7399
vn 0.8929 -0.1197 0.4341
vn 0.9561 0.0043 0.2929
vn 0.9369 0.0613 0.3441
vn 0.9231 0.0347 0.3831
vn 0.9057 0.0264 0.4231
vn 0.7381 0.2229 0.6368
vn 0.5120 0.3222 0.7963
vn 0.3787 0.3127 0.8711
vn 0.2487 0.2964 0.9221
vn 0.1235 0.2728 0.9541
vn 0.1069 -0.2776 0.9547
vn 0.3835 -0.3381 0.8594
vn 0.5319 -0.3719 0.7608
vn 0.5578 -0.4039 0.7251
vn 0.5705 -0.1391 0.8094
vn 0.4674 -0.5306 0.7071
vn 0.3641 -0.3449 0.8651
vn 0.5924 -0.0533 0.8039
vn 0.6604 -0.1243 0.7405
vn 0.6054 -0.1815 0.7750
vn 0.8004 -0.1893 0.5689
vn 0.9811 -0.1536 0.1181
vn 0.9376 -0.2219 0.2677
vn 0.7248 -0.1848 0.6637
vn 0.9895 -0.0724 0.1253
vn 0.9505 0.0310 0.3093
vn 0.9219 0.0329 0.3860
vn 0.5066 -0.0114 0.8621
vn 0.6277 -0.1439 0.7651
vn 0.5697 -0.3408 0.7479
vn 0.4386 -0.4770 0.7616
vn 0.2251 -0.5745 0.7869
vn 0.5422 -0.1751 0.8218
vn 0.5219 -0.1285 0.8432
vn 0.4920 -0.1511 0.8574
vn 0.4023 -0.1858 0.8964
vn 0.2282 -0.2213 0.9481
vn 0.8558 -0.2783 0.4361
vn 0.6623 -0.1985 0.7225
vn 0.2443 -0.0208 0.9695
vn 0.2674 -0.1091 0.9574
vn 0.2699 -0.5714 0.7750
vn 0.2035 -0.9183 0.3397
vn 0.4267 -0.0366 0.9037
vn 0.5212 -0.0872 0.8490
vn 0.5875 -0.1563 0.7939
vn 0.5149 -0.1122 0.8499
vn 0.6404 -0.2193 0.7360
vn 0.7131 -0.3224 0.6225
vn 0.7806 -0.3303 0.5306
vn 0.5880 -0.5134 0.6250
vn 0.7214 -0.5516 0.4187
vn 0.4833 -0.8457 0.2261
vn 0.6159 -0.7864 0.0485
vn 0.7471 -0.6152 0.2518
vn 0.8950 -0.4404 0.0705
vn 0.9607 -0.2764 -0.0261
vn 0.2442 -0.9672 -0.0702
vn 0.4904 -0.8667 -0.0911
vn 0.9187 -0.3660 -0.1484
vn 0.8470 -0.5096 -0.1512
vn 0.7094 -0.7008 -0.0751
vn 0.6456 -0.7632 -0.0266
vn 0.9130 0.0022 0.4080
vn 0.1569 0.3874 0.9085
vn 0.3120 0.3602 0.8791
vn 0.4501 0.3350 0.8278
vn 0.5934 0.3201 0.7385
vn 0.8243 0.1405 0.5484
vn 0.1575 -0.1485 0.9763
vn 0.3322 -0.1843 0.9250
vn 0.4433 -0.2194 0.8691
vn 0.5016 -0.2630 0.8242
vn 0.0700 0.2594 0.9632
vn 0.4082 0.0789 0.9095
vn 0.6119 -0.0664 0.7881
vn 0.6175 -0.1740 0.7671
vn 0.5121 -0.3287 0.7935
vn 0.4433 -0.2702 0.8547
vn 0.4774 -0.1203 0.8704
vn 0.5618 -0.1703 0.8096
vn 0.5252 -0.3174 0.7896
vn 0.4061 -0.4578 0.7909
vn 0.2089 -0.5734 0.7922
vn 0.1169 -0.7526 0.6481
vn 0.0813 -0.6875 0.7216
vn 0.2278 -0.7621 0.6060
vn 0.2566 -0.6884 0.6785
vn 0.2799 -0.7611 0.5852
vn 0.3565 -0.6638 0.6575
vn 0.3146 -0.7591 0.5699
vn 0.4087 -0.6474 0.6433
vn 0.3336 -0.7707 0.5430
vn 0.3951 -0.6918 0.6044
vn 0.4390 -0.2972 0.8479
vn 0.3849 -0.3303 0.8618
vn 0.2216 0.0508 0.9738
vn 0.1137 0.5375 0.8356
vn 0.4641 0.0510 0.8843
vn 0.3472 0.4932 0.7976
vn 0.5758 0.0843 0.8132
vn 0.4772 0.4374 0.7622
vn 0.6066 0.1746 0.7756
vn 0.5303 0.3792 0.7583
vn 0.4803 0.1814 0.8581
vn 0.4837 0.3103 0.8184
vn 0.8814 -0.1442 0.4497
vn 0.7604 0.0849 0.6439
vn 0.5497 0.6346 0.5432
vn 0.4037 0.9113 0.0809
vn 0.2828 0.8745 -0.3941
vn 0.1352 -0.2360 -0.9623
vn 0.1859 -0.5311 -0.8267
vn 0.2146 -0.5919 -0.7769
vn 0.3071 -0.7757 -0.5513
vn 0.5679 -0.6010 0.5623
vn 0.8251 -0.3339 0.4558
vn 0.9257 -0.1611 0.3423
vn 0.9282 -0.1404 0.3447
vn 0.9330 -0.2829 -0.2226
vn 0.9088 -0.3811 -0.1698
vn 0.8486 -0.5252 0.0629
vn 0.6893 -0.6299 0.3578
vn 0.5851 -0.5392 0.6058
vn 0.8546 -0.0279 0.5186
vn 0.8722 0.0009 0.4891
vn 0.8934 0.0106 0.4491
vn 0.9179 -0.0480 0.3938
vn 0.9898 -0.0879 0.1121
vn 0.9883 -0.1494 -0.0322
vn 0.9343 -0.1786 0.3087
vn 0.5877 0.0757 0.8055
vn 0.7347 -0.5835 0.3459
vn 0.7230 0.1076 0.6824
vn 0.7951 -0.6048 -0.0461
vn 0.8483 0.1918 0.4936
vn 0.8104 0.5371 -0.2342
vn 0.8679 0.0340 0.4956
vn 0.5281 0.7073 0.4699
vn 0.7224 -0.2642 0.6390
vn 0.6915 -0.2774 0.6670
vn 0.6964 -0.6285 0.3464
vn 0.6281 0.7043 0.3309
vn 0.5059 0.7249 -0.4675
vn 0.6794 -0.6944 -0.2369
vn 0.4785 -0.1839 -0.8586
vn 0.3059 0.2403 -0.9213
vn 0.9889 0.1309 -0.0696
vn 0.8854 -0.0149 0.4647
vn 0.8565 -0.0549 0.5132
vn 0.9847 0.0257 0.1725
vn 0.9313 0.0080 0.3641
vn 0.7652 0.1079 -0.6347
vn 0.6506 0.0377 0.7585
vn 0.7093 0.0008 0.7049
vn 0.7208 -0.1534 0.6760
vn 0.9724 -0.2130 -0.0948
vn 0.8726 -0.2757 -0.4032
vn 0.9109 -0.0792 0.4051
vn 0.9004 -0.0090 0.4350
vn 0.8763 -0.0726 0.4762
vn 0.7932 -0.0564 0.6063
vn 0.9862 -0.1651 0.0137
vn 0.9601 -0.2209 0.1712
vn 0.9192 -0.0649 0.3884
vn 0.8873 -0.0485 0.4586
vn 0.8539 0.1225 0.5058
vn 0.0755 0.1797 -0.9808
vn 0.8134 -0.0967 0.5736
vn 0.9061 0.0271 0.4221
vn 0.5638 0.3138 0.7640
vn 0.7111 0.2387 0.6613
vn 0.8970 0.0244 0.4413
vn 0.6582 -0.0492 0.7512
vn 0.7208 -0.1027 0.6855
vn 0.6163 -0.1160 0.7789
vn 0.9852 0.0448 0.1652
vn 0.1467 0.6113 -0.7776
vn 0.6926 -0.2942 0.6586
vn 0.8191 0.2118 0.5332
vn 0.8490 -0.1507 0.5064
vn 0.6663 -0.1857 0.7222
vn 0.7122 -0.0311 0.7012
vn 0.8826 0.1164 0.4554
vn 0.5743 0.3185 0.7541
vn 0.7270 0.3853 0.5683
vn 0.8925 0.1570 0.4228
vn 0.9530 -0.1797 -0.2441
vn 0.2766 -0.9605 0.0312
vn 0.5342 -0.8443 0.0427
vn 0.6650 -0.7463 0.0282
vn 0.7524 -0.6584 -0.0190
vn 0.8864 -0.4593 -0.0580
vn 0.9343 -0.3563 -0.0130
vn 0.3770 -0.9147 0.1455
vn 0.8834 -0.0769 0.4623
vn 0.8551 0.1641 0.4919
vn 0.9137 -0.1337 0.3838
vn 0.9266 0.0537 0.3722
vn 0.9338 -0.1655 0.3172
vn 0.9954 -0.0904 0.0322
vn 0.9785 -0.1737 0.1116
vn 0.9417 0.1342 0.3086
vn 0.7449 0.0769 0.6628
vn 0.7837 -0.0852 0.6152
vn 0.8423 -0.1621 0.5140
vn 0.9327 -0.1687 0.3187
vn 0.9788 -0.2046 0.0037
vn 0.5758 -0.7296 0.3689
vn -0.1046 0.7788 -0.6185
vn 0.9893 -0.1386 0.0450
vn -0.2657 -0.6819 -0.6815
vn 0.9220 -0.3872 0.0075
vn -0.2404 -0.4813 -0.8429
vn 0.9825 -0.1175 0.1448
vn -0.2727 -0.3779 -0.8848
vn 0.9994 -0.0302 -0.0140
vn -0.0831 0.9800 -0.1810
vn 0.8599 -0.3625 -0.3594
vn 0.8733 -0.0330 0.4861
vn 0.9058 -0.2726 -0.3245
vn 0.9473 -0.1302 0.2926
vn 0.9410 -0.3070 -0.1424
vn -0.2732 0.1918 -0.9426
vn 0.9740 -0.2208 -0.0500
vn 0.9908 0.0893 0.1018
vn -0.1854 0.4570 -0.8699
vn 0.9423 -0.3331 0.0348
vn -0.3061 -0.0924 -0.9475
vn 0.9059 -0.3378 -0.2555
vn 0.1140 0.8759 0.4688
vn 0.9383 -0.3430 -0.0433
vn 0.5940 0.3579 0.7204
vn 0.9837 -0.0330 0.1767
vn -0.0027 -0.9969 -0.0791
vn 0.9483 -0.3095 -0.0696
vn 0.8719 -0.3783 0.3111
vn 0.9547 -0.2954 -0.0347
vn 0.9503 -0.1740 0.2582
vn 0.8614 -0.2405 0.4475
vn 0.9518 -0.3067 0.0044
vn 0.9111 -0.4117 0.0199
vn 0.9064 -0.3714 0.2012
vn 0.9307 -0.1637 0.3270
vn 0.9422 -0.0759 0.3264
vn 0.9548 -0.2590 0.1460
vn 0.9412 -0.2691 0.2042
vn 0.9402 -0.3401 -0.0199
vn 0.8813 -0.4723 -0.0146
vn 0.9347 -0.1595 0.3177
vn 0.9704 -0.1664 0.1752
vn 0.9881 -0.1492 0.0361
vn 0.9940 -0.0497 0.0972
vn 0.7942 -0.2739 0.5424
vn 0.8124 -0.4600 0.3584
vn 0.7933 -0.5857 0.1661
vn 0.1490 -0.9888 -0.0024
vn 0.3225 -0.9460 -0.0341
vn 0.4069 -0.9081 -0.0987
vn 0.1855 -0.9782 -0.0938
vn 0.9758 -0.1876 0.1126
vn 0.9791 -0.1367 0.1505
vn 0.9287 -0.3510 0.1196
vn 0.9576 -0.0565 0.2826
vn 0.7274 0.6329 0.2651
vn 0.7807 0.5995 -0.1762
vn 0.5345 -0.3299 -0.7781
vn 0.4271 -0.4983 -0.7545
vn 0.3807 -0.5489 -0.7441
vn 0.2653 -0.7127 -0.6494
vn 0.8806 0.2353 -0.4113
vn 0.8544 0.2527 0.4540
vn 0.8425 -0.5296 0.0985
vn 0.7054 -0.7075 -0.0433
vn 0.7376 -0.1609 -0.6558
vn 0.8524 -0.0207 -0.5224
vn -0.0000 -0.9971 0.0756
vn -0.0000 -0.1510 0.9885
vn -0.0000 -0.0776 0.9970
vn -0.0000 0.3554 0.9347
vn -0.0000 0.5657 0.8246
vn -0.0000 0.5156 0.8568
vn -0.0000 0.5659 0.8245
vn -0.0000 0.4420 0.8970
vn -0.0000 0.1132 0.9936
vn -0.0000 -0.4546 0.8907
vn -0.0000 -0.5388 0.8424
vn -0.0000 -0.8941 0.4479
vn -0.0000 -0.9640 0.2660
vn -0.0000 0.2525 0.9676
vn -0.0000 0.2702 0.9628
vn -0.0000 -0.2490 0.9685
vn -0.0000 -0.6115 0.7912
vn -0.0000 -0.2361 0.9717
vn -0.0000 -0.9272 0.3746
vn -0.0000 -0.1316 0.9913
vn -0.0000 -0.5908 0.8068
vn -0.0000 -0.0234 0.9997
vn -0.0000 -0.9989 -0.0466
vn -0.0000 0.3953 0.9185
vn -0.0000 -0.0371 0.9993
vn -0.0000 0.3165 0.9486
vn -0.0000 -0.6384 0.7697
vn -0.0000 -0.6759 0.7370
vn -0.0000 -0.7567 0.6538
vn -0.0000 0.0304 0.9995
vn -0.0000 0.5467 0.8373
vn -0.0000 -0.9998 0.0195
vn -0.0000 -0.9999 0.0173
vn -0.0000 -0.9973 -0.0728
vn 0.1484 0.3584 0.9217
vn 0.3958 0.3958 0.8286
vn 0.2009 -0.0000 0.9796
vn 0.1671 -0.1116 0.9796
vn -0.1671 -0.1117 0.9796
vn -0.2010 -0.0000 0.9796
vn -0.3958 0.3958 0.8287
vn -0.1485 0.3584 0.9217
vt 0.446881 0.289150
vt 0.447366 0.297295
vt 0.433188 0.297295
vt 0.433174 0.288526
vt 0.481899 0.179105
vt 0.486178 0.173186
vt 0.495751 0.179616
vt 0.491625 0.185007
vt 0.478204 0.185319
vt 0.488082 0.190356
vt 0.475358 0.191188
vt 0.485343 0.195414
vt 0.472981 0.197474
vt 0.483417 0.200908
vt 0.470888 0.204527
vt 0.481950 0.207070
vt 0.468837 0.212415
vt 0.480690 0.213797
vt 0.466857 0.220863
vt 0.480451 0.221200
vt 0.465428 0.229022
vt 0.480536 0.227584
vt 0.462853 0.236648
vt 0.477283 0.234948
vt 0.459863 0.244291
vt 0.474309 0.243188
vt 0.456305 0.253078
vt 0.471117 0.254747
vt 0.452696 0.262327
vt 0.468004 0.265976
vt 0.449917 0.272018
vt 0.465323 0.276845
vt 0.447847 0.280882
vt 0.462117 0.284866
vt 0.460897 0.292517
vt 0.434428 0.280119
vt 0.435357 0.270297
vt 0.437505 0.261310
vt 0.440450 0.253028
vt 0.443571 0.245136
vt 0.446065 0.237196
vt 0.448167 0.228071
vt 0.450824 0.218513
vt 0.453586 0.208009
vt 0.456568 0.198481
vt 0.459475 0.190257
vt 0.462615 0.183245
vt 0.466238 0.176998
vt 0.470697 0.170642
vt 0.475552 0.164854
vt 0.461196 0.297295
vt 0.446881 0.305440
vt 0.433174 0.306064
vt 0.481899 0.415485
vt 0.491625 0.409583
vt 0.495751 0.414974
vt 0.486178 0.421404
vt 0.478204 0.409271
vt 0.488082 0.404234
vt 0.475358 0.403402
vt 0.485343 0.399175
vt 0.472981 0.397116
vt 0.483417 0.393682
vt 0.470888 0.390062
vt 0.481950 0.387520
vt 0.468837 0.382174
vt 0.480690 0.380793
vt 0.466857 0.373726
vt 0.480451 0.373389
vt 0.465428 0.365568
vt 0.480536 0.367005
vt 0.462853 0.357942
vt 0.477283 0.359642
vt 0.459863 0.350299
vt 0.474309 0.351401
vt 0.456305 0.341512
vt 0.471117 0.339843
vt 0.452696 0.332263
vt 0.468004 0.328614
vt 0.449917 0.322571
vt 0.465323 0.317745
vt 0.447847 0.313708
vt 0.462117 0.309724
vt 0.460897 0.302073
vt 0.434428 0.314471
vt 0.435357 0.324292
vt 0.437505 0.333279
vt 0.440450 0.341561
vt 0.443571 0.349454
vt 0.446065 0.357394
vt 0.448167 0.366519
vt 0.450823 0.376076
vt 0.453586 0.386580
vt 0.456568 0.396109
vt 0.459475 0.404332
vt 0.462615 0.411344
vt 0.466238 0.417592
vt 0.470697 0.423948
vt 0.475552 0.429735
vt 0.229357 0.499999
vt 0.231913 0.510711
vt 0.213120 0.515831
vt 0.209986 0.499999
vt 0.239760 0.522346
vt 0.228275 0.526621
vt 0.240952 0.536681
vt 0.247500 0.533687
vt 0.220801 0.534693
vt 0.206442 0.529070
vt 0.203857 0.542713
vt 0.215915 0.547866
vt 0.202603 0.563124
vt 0.214555 0.563056
vt 0.202904 0.583847
vt 0.215870 0.576922
vt 0.210442 0.604153
vt 0.222128 0.592259
vt 0.234743 0.541740
vt 0.229831 0.551071
vt 0.227834 0.562711
vt 0.229403 0.573311
vt 0.233694 0.582628
vt 0.254546 0.499999
vt 0.255030 0.508549
vt 0.268960 0.530415
vt 0.262108 0.537688
vt 0.255605 0.532191
vt 0.257192 0.520933
vt 0.290064 0.505695
vt 0.275517 0.507129
vt 0.274468 0.499999
vt 0.289871 0.499999
vt 0.296642 0.504589
vt 0.296413 0.499999
vt 0.290152 0.513254
vt 0.274520 0.515956
vt 0.298074 0.509594
vt 0.267318 0.544925
vt 0.278840 0.541880
vt 0.270590 0.554683
vt 0.282987 0.554480
vt 0.270701 0.566583
vt 0.284370 0.568621
vt 0.267299 0.576375
vt 0.280569 0.583055
vt 0.262258 0.585204
vt 0.273018 0.596368
vt 0.240234 0.590285
vt 0.231215 0.602606
vt 0.224937 0.621680
vt 0.246326 0.611326
vt 0.248098 0.595174
vt 0.247504 0.628564
vt 0.261172 0.606568
vt 0.255923 0.592230
vt 0.269225 0.621366
vt 0.287496 0.606906
vt 0.295866 0.588530
vt 0.299724 0.570148
vt 0.300013 0.553736
vt 0.292556 0.533350
vt 0.283172 0.526090
vt 0.292784 0.520830
vt 0.297791 0.526813
vt 0.253701 0.540975
vt 0.250171 0.542411
vt 0.245955 0.544681
vt 0.241231 0.547670
vt 0.236424 0.553704
vt 0.234956 0.562416
vt 0.237331 0.569655
vt 0.241832 0.575268
vt 0.246544 0.579525
vt 0.250032 0.581036
vt 0.252457 0.580190
vt 0.256504 0.576286
vt 0.260546 0.571161
vt 0.262462 0.564581
vt 0.261729 0.555481
vt 0.259078 0.548323
vt 0.256460 0.543825
vt 0.252095 0.545202
vt 0.250034 0.546400
vt 0.246603 0.548206
vt 0.242666 0.549887
vt 0.254048 0.546931
vt 0.255083 0.550241
vt 0.258071 0.555995
vt 0.258664 0.563344
vt 0.257507 0.568704
vt 0.254840 0.572549
vt 0.252045 0.574630
vt 0.249882 0.575263
vt 0.247435 0.574969
vt 0.244071 0.572500
vt 0.240427 0.568213
vt 0.238005 0.562224
vt 0.238710 0.555079
vt 0.251850 0.547915
vt 0.251193 0.549639
vt 0.247739 0.556358
vt 0.249691 0.556577
vt 0.248625 0.561210
vt 0.245429 0.558994
vt 0.246271 0.557239
vt 0.245399 0.561249
vt 0.246012 0.563380
vt 0.246975 0.564892
vt 0.247792 0.565678
vt 0.248732 0.565904
vt 0.249806 0.565576
vt 0.250560 0.564827
vt 0.251101 0.563479
vt 0.251362 0.561532
vt 0.251396 0.559367
vt 0.250923 0.557648
vt 0.247195 0.552440
vt 0.244222 0.553675
vt 0.255069 0.562221
vt 0.254589 0.557854
vt 0.242982 0.565940
vt 0.245232 0.568915
vt 0.251008 0.569655
vt 0.252774 0.568555
vt 0.252866 0.554683
vt 0.241879 0.557039
vt 0.247218 0.570247
vt 0.254267 0.566033
vt 0.250291 0.553174
vt 0.241559 0.561685
vt 0.249118 0.570125
vt 0.299620 0.514434
vt 0.302126 0.518928
vt 0.305956 0.522551
vt 0.306229 0.528648
vt 0.306107 0.535232
vt 0.301467 0.507415
vt 0.302529 0.511288
vt 0.306595 0.509277
vt 0.305249 0.505941
vt 0.308850 0.508742
vt 0.308764 0.505626
vt 0.305702 0.516281
vt 0.308395 0.514321
vt 0.309732 0.512662
vt 0.309558 0.521836
vt 0.312383 0.520099
vt 0.314670 0.517292
vt 0.311963 0.526741
vt 0.316179 0.523195
vt 0.318543 0.517199
vt 0.314525 0.532959
vt 0.320375 0.526734
vt 0.323374 0.519525
vt 0.300479 0.503778
vt 0.300237 0.499999
vt 0.303970 0.502631
vt 0.303487 0.499999
vt 0.307091 0.502320
vt 0.306619 0.499999
vt 0.309401 0.499999
vt 0.309272 0.501690
vt 0.314050 0.502278
vt 0.314844 0.499999
vt 0.321422 0.505210
vt 0.321964 0.499999
vt 0.311049 0.503971
vt 0.315184 0.505486
vt 0.319752 0.508110
vt 0.313335 0.508777
vt 0.313095 0.510015
vt 0.313839 0.511093
vt 0.315103 0.511417
vt 0.315808 0.511120
vt 0.320920 0.511133
vt 0.316086 0.510334
vt 0.315893 0.509804
vt 0.315533 0.509262
vt 0.314623 0.508624
vt 0.314882 0.510125
vt 0.325070 0.511779
vt 0.327320 0.499999
vt 0.326993 0.505127
vt 0.328663 0.511317
vt 0.329413 0.519549
vt 0.330296 0.530748
vt 0.321198 0.539478
vt 0.311149 0.546167
vt 0.314174 0.565764
vt 0.314154 0.587095
vt 0.309325 0.615235
vt 0.279850 0.638838
vt 0.251131 0.650850
vt 0.220744 0.646605
vt 0.198351 0.625467
vt 0.184618 0.601131
vt 0.175836 0.576035
vt 0.176596 0.548426
vt 0.178246 0.532534
vt 0.180463 0.516413
vt 0.180703 0.499999
vt 0.330730 0.504928
vt 0.331304 0.499999
vt 0.333740 0.499999
vt 0.333856 0.504741
vt 0.332047 0.510749
vt 0.334853 0.510435
vt 0.334094 0.518220
vt 0.337207 0.517272
vt 0.337557 0.526937
vt 0.340879 0.524743
vt 0.343700 0.535348
vt 0.338504 0.542673
vt 0.328056 0.554411
vt 0.334107 0.570892
vt 0.345735 0.531951
vt 0.350778 0.536018
vt 0.350887 0.539936
vt 0.349344 0.552847
vt 0.338695 0.591583
vt 0.346227 0.613826
vt 0.318662 0.640441
vt 0.287349 0.658455
vt 0.255709 0.672228
vt 0.221352 0.673144
vt 0.356129 0.532327
vt 0.358305 0.536011
vt 0.362624 0.528657
vt 0.359235 0.525690
vt 0.364698 0.520824
vt 0.360945 0.518779
vt 0.365220 0.513183
vt 0.361496 0.512114
vt 0.365124 0.506735
vt 0.361512 0.506189
vt 0.364622 0.499999
vt 0.361427 0.499999
vt 0.356438 0.572090
vt 0.364775 0.590234
vt 0.361158 0.545045
vt 0.367935 0.557932
vt 0.371098 0.507427
vt 0.370916 0.499999
vt 0.378836 0.499999
vt 0.378927 0.507960
vt 0.387838 0.508126
vt 0.387778 0.499999
vt 0.395767 0.508106
vt 0.395472 0.499999
vt 0.403547 0.508030
vt 0.403036 0.499999
vt 0.371181 0.515144
vt 0.379005 0.516743
vt 0.370457 0.524435
vt 0.378409 0.528325
vt 0.367664 0.534735
vt 0.375329 0.542432
vt 0.387818 0.517670
vt 0.387512 0.530996
vt 0.384833 0.548692
vt 0.377056 0.569775
vt 0.396275 0.517833
vt 0.397397 0.531808
vt 0.404680 0.517183
vt 0.408294 0.530362
vt 0.396924 0.552777
vt 0.330409 0.661264
vt 0.358694 0.635756
vt 0.375349 0.651355
vt 0.356090 0.670574
vt 0.377117 0.608043
vt 0.294093 0.676376
vt 0.386553 0.620761
vt 0.271565 0.759145
vt 0.268303 0.763464
vt 0.262384 0.745383
vt 0.265595 0.743676
vt 0.278418 0.753100
vt 0.271886 0.743484
vt 0.301358 0.760861
vt 0.311544 0.759251
vt 0.317389 0.767400
vt 0.303174 0.771289
vt 0.362347 0.728206
vt 0.370157 0.726233
vt 0.363924 0.746124
vt 0.350841 0.743297
vt 0.282117 0.707010
vt 0.275954 0.703971
vt 0.298590 0.686744
vt 0.301755 0.692792
vt 0.189897 0.657196
vt 0.129419 0.525541
vt 0.132034 0.499999
vt 0.131383 0.550842
vt 0.136783 0.577779
vt 0.147393 0.606499
vt 0.166278 0.634034
vt 0.292763 0.760161
vt 0.291718 0.771100
vt 0.341989 0.504927
vt 0.343205 0.499999
vt 0.348017 0.499999
vt 0.347709 0.505134
vt 0.342181 0.510416
vt 0.347691 0.510109
vt 0.343574 0.516760
vt 0.348280 0.515990
vt 0.345751 0.523765
vt 0.349756 0.523695
vt 0.350898 0.530516
vt 0.348206 0.529345
vt 0.356383 0.505693
vt 0.356576 0.499999
vt 0.356476 0.511552
vt 0.356530 0.517859
vt 0.355886 0.524525
vt 0.354249 0.530581
vt 0.350911 0.533318
vt 0.352795 0.529337
vt 0.352721 0.523845
vt 0.352388 0.517084
vt 0.352135 0.510941
vt 0.352100 0.505365
vt 0.352039 0.499999
vt 0.347163 0.530387
vt 0.343252 0.524055
vt 0.340227 0.516983
vt 0.338203 0.510412
vt 0.337486 0.504798
vt 0.338350 0.499999
vt 0.342889 0.693797
vt 0.324913 0.691042
vt 0.324788 0.684401
vt 0.345574 0.687238
vt 0.334581 0.757918
vt 0.347208 0.764998
vt 0.326156 0.778592
vt 0.354692 0.704451
vt 0.359352 0.699156
vt 0.401827 0.741725
vt 0.377675 0.765079
vt 0.355669 0.770821
vt 0.374422 0.746070
vt 0.280674 0.767369
vt 0.285833 0.757601
vt 0.382317 0.699350
vt 0.372279 0.682474
vt 0.389606 0.665325
vt 0.409214 0.681011
vt 0.305766 0.697802
vt 0.274569 0.726023
vt 0.269419 0.724145
vt 0.326111 0.752040
vt 0.365416 0.712108
vt 0.353154 0.726406
vt 0.357256 0.715547
vt 0.341856 0.739247
vt 0.286547 0.710062
vt 0.294639 0.756692
vt 0.296036 0.750634
vt 0.301740 0.750590
vt 0.301736 0.756862
vt 0.278205 0.726753
vt 0.290651 0.712031
vt 0.296478 0.713746
vt 0.288614 0.727002
vt 0.276704 0.741638
vt 0.286834 0.738187
vt 0.281314 0.750937
vt 0.287623 0.745231
vt 0.349598 0.724851
vt 0.347229 0.723771
vt 0.351103 0.715848
vt 0.353949 0.715892
vt 0.309193 0.749594
vt 0.310125 0.754970
vt 0.322652 0.748026
vt 0.321552 0.745063
vt 0.337928 0.736484
vt 0.335826 0.734808
vt 0.308711 0.699525
vt 0.325498 0.693743
vt 0.325568 0.696362
vt 0.311555 0.701013
vt 0.315138 0.703234
vt 0.302167 0.715232
vt 0.316229 0.720296
vt 0.311352 0.717958
vt 0.318110 0.711916
vt 0.321062 0.715476
vt 0.298139 0.746139
vt 0.293884 0.745405
vt 0.296824 0.741286
vt 0.300976 0.741638
vt 0.344532 0.722826
vt 0.333168 0.731814
vt 0.327930 0.714660
vt 0.324188 0.709876
vt 0.325786 0.709746
vt 0.341508 0.696689
vt 0.324872 0.708080
vt 0.322272 0.707142
vt 0.323135 0.705635
vt 0.330108 0.724691
vt 0.336823 0.719042
vt 0.339983 0.721276
vt 0.330411 0.728585
vt 0.323087 0.708897
vt 0.325490 0.705273
vt 0.326176 0.700341
vt 0.327200 0.708969
vt 0.315755 0.707892
vt 0.327247 0.706777
vt 0.340200 0.714618
vt 0.338924 0.710601
vt 0.342436 0.709242
vt 0.343362 0.715266
vt 0.318335 0.724519
vt 0.315804 0.729400
vt 0.311291 0.727882
vt 0.306099 0.734643
vt 0.310875 0.735413
vt 0.305717 0.741443
vt 0.301510 0.733555
vt 0.306194 0.726443
vt 0.319713 0.740206
vt 0.309487 0.744744
vt 0.290815 0.749447
vt 0.291373 0.742266
vt 0.292385 0.735512
vt 0.296561 0.726503
vt 0.303267 0.745708
vt 0.322275 0.721847
vt 0.321674 0.728634
vt 0.287382 0.754484
vt 0.332785 0.711775
vt 0.333423 0.704309
vt 0.338553 0.703839
vt 0.330013 0.720367
vt 0.335539 0.716060
vt 0.436265 0.516408
vt 0.436485 0.499999
vt 0.443944 0.499999
vt 0.445062 0.515374
vt 0.432947 0.538194
vt 0.442029 0.540512
vt 0.424471 0.564720
vt 0.433857 0.567250
vt 0.414532 0.598157
vt 0.424171 0.601962
vt 0.402378 0.636571
vt 0.415600 0.639874
vt 0.404245 0.712227
vt 0.379552 0.722426
vt 0.277910 0.776002
vt 0.402293 0.588843
vt 0.412701 0.553824
vt 0.424044 0.532143
vt 0.427832 0.514329
vt 0.428308 0.499999
vt 0.347949 0.715961
vt 0.352042 0.706079
vt 0.349538 0.707248
vt 0.338224 0.701546
vt 0.346135 0.708398
vt 0.340118 0.698947
vt 0.317727 0.735610
vt 0.306439 0.716755
vt 0.294120 0.740158
vt 0.297160 0.733800
vt 0.301704 0.726136
vt 0.309851 0.741428
vt 0.325701 0.676091
vt 0.349105 0.679125
vt 0.261345 0.696832
vt 0.264234 0.769128
vt 0.256369 0.749425
vt 0.328948 0.784943
vt 0.276121 0.783592
vt 0.264793 0.724777
vt 0.254192 0.725732
vt 0.365220 0.689513
vt 0.373815 0.705692
vt 0.306782 0.783961
vt 0.308127 0.791444
vt 0.290919 0.782948
vt 0.290778 0.791016
vt 0.389679 0.580300
vt 0.410555 0.499999
vt 0.410654 0.508266
vt 0.410607 0.515459
vt 0.416122 0.521997
vt 0.418834 0.510829
vt 0.419211 0.499999
vt 0.523881 0.160102
vt 0.529034 0.161595
vt 0.523688 0.161136
vt 0.489266 0.141087
vt 0.496780 0.144974
vt 0.494159 0.151653
vt 0.486036 0.149370
vt 0.486086 0.127128
vt 0.494160 0.133648
vt 0.480186 0.136548
vt 0.518210 0.141879
vt 0.521094 0.147158
vt 0.518429 0.149003
vt 0.514564 0.144393
vt 0.476339 0.146798
vt 0.484543 0.158107
vt 0.474635 0.157546
vt 0.520588 0.154846
vt 0.524846 0.158242
vt 0.524271 0.159124
vt 0.519440 0.156633
vt 0.503160 0.113651
vt 0.507698 0.122414
vt 0.500361 0.127303
vt 0.494066 0.119456
vt 0.518667 0.158606
vt 0.518279 0.160686
vt 0.501215 0.153613
vt 0.500169 0.159226
vt 0.493019 0.158700
vt 0.523822 0.152121
vt 0.522076 0.153330
vt 0.507470 0.155413
vt 0.506698 0.159758
vt 0.511472 0.147572
vt 0.516185 0.151334
vt 0.514409 0.154038
vt 0.509078 0.151298
vt 0.500662 0.138935
vt 0.506384 0.143459
vt 0.503241 0.148265
vt 0.511589 0.129746
vt 0.505674 0.133790
vt 0.526449 0.156891
vt 0.525580 0.157486
vt 0.513235 0.157055
vt 0.512680 0.160234
vt 0.515118 0.136206
vt 0.510398 0.139380
vt 0.527418 0.156479
vt 0.518174 0.126962
vt 0.520326 0.133916
vt 0.525777 0.151294
vt 0.515776 0.119114
vt 0.524079 0.145912
vt 0.513009 0.109748
vt 0.522289 0.140167
vt 0.506818 0.164151
vt 0.500324 0.164932
vt 0.493128 0.165797
vt 0.523700 0.162188
vt 0.518306 0.162802
vt 0.512720 0.163449
vt 0.484889 0.166902
vt 0.475153 0.168308
vt 0.523923 0.163217
vt 0.518744 0.164875
vt 0.513386 0.166595
vt 0.494640 0.172752
vt 0.486934 0.175368
vt 0.507731 0.168426
vt 0.501606 0.170445
vt 0.477735 0.178603
vt 0.509455 0.172456
vt 0.503854 0.175597
vt 0.497596 0.179191
vt 0.524337 0.164183
vt 0.519590 0.166816
vt 0.514683 0.169533
vt 0.490492 0.183231
vt 0.482170 0.188118
vt 0.524932 0.165050
vt 0.520795 0.168553
vt 0.516498 0.172180
vt 0.501670 0.184906
vt 0.495473 0.190219
vt 0.511981 0.176038
vt 0.507061 0.180216
vt 0.488293 0.196551
vt 0.511101 0.184143
vt 0.506738 0.189705
vt 0.525687 0.165781
vt 0.522312 0.170019
vt 0.518818 0.174391
vt 0.515134 0.179051
vt 0.501656 0.196113
vt 0.495856 0.203605
vt 0.526567 0.166354
vt 0.524084 0.171163
vt 0.521498 0.176141
vt 0.512593 0.193438
vt 0.508799 0.200786
vt 0.518783 0.181440
vt 0.515860 0.187133
vt 0.504540 0.209034
vt 0.527543 0.166741
vt 0.526042 0.171937
vt 0.524477 0.177339
vt 0.522847 0.183019
vt 0.516768 0.203879
vt 0.514014 0.213001
vt 0.519040 0.196104
vt 0.521056 0.189166
vt 0.528112 0.172330
vt 0.527635 0.177906
vt 0.525935 0.197289
vt 0.525199 0.205538
vt 0.527120 0.183788
vt 0.526559 0.190249
vt 0.528574 0.166934
vt 0.524234 0.215113
vt 0.530833 0.177855
vt 0.531474 0.183768
vt 0.533836 0.205463
vt 0.534783 0.215137
vt 0.529623 0.166919
vt 0.530219 0.172295
vt 0.532939 0.197295
vt 0.532181 0.190137
vt 0.539819 0.195863
vt 0.542299 0.203693
vt 0.535759 0.182897
vt 0.537689 0.189040
vt 0.530650 0.166705
vt 0.532281 0.171868
vt 0.533969 0.177217
vt 0.545167 0.213065
vt 0.550228 0.200242
vt 0.555035 0.208968
vt 0.531613 0.166290
vt 0.534216 0.171033
vt 0.536905 0.175940
vt 0.546337 0.193163
vt 0.539773 0.181158
vt 0.542845 0.186801
vt 0.552096 0.189115
vt 0.557447 0.195490
vt 0.543357 0.178675
vt 0.547531 0.183667
vt 0.532481 0.165699
vt 0.535960 0.169851
vt 0.539556 0.174146
vt 0.563600 0.202723
vt 0.563422 0.189263
vt 0.570895 0.195318
vt 0.533213 0.164948
vt 0.537430 0.168339
vt 0.541819 0.171866
vt 0.557083 0.184161
vt 0.546422 0.175588
vt 0.551430 0.179608
vt 0.548849 0.171951
vt 0.554529 0.174938
vt 0.560849 0.178233
vt 0.533790 0.164070
vt 0.538589 0.166578
vt 0.543572 0.169169
vt 0.568192 0.182078
vt 0.576696 0.186606
vt 0.534180 0.163095
vt 0.539381 0.164622
vt 0.544761 0.166190
vt 0.563510 0.171765
vt 0.571416 0.174081
vt 0.550464 0.167886
vt 0.556711 0.169731
vt 0.580678 0.176878
vt 0.551307 0.163597
vt 0.557749 0.164172
vt 0.564883 0.164885
vt 0.534377 0.162063
vt 0.539779 0.162548
vt 0.545388 0.163041
vt 0.573058 0.165621
vt 0.582689 0.166581
vt 0.534365 0.161012
vt 0.539765 0.160433
vt 0.545351 0.159825
vt 0.564892 0.157844
vt 0.573040 0.156999
vt 0.551306 0.159211
vt 0.557697 0.158538
vt 0.582689 0.156094
vt 0.556552 0.153033
vt 0.563564 0.150882
vt 0.534152 0.159982
vt 0.539339 0.158359
vt 0.544683 0.156687
vt 0.550397 0.154910
vt 0.571345 0.148530
vt 0.580692 0.145782
vt 0.538505 0.156413
vt 0.543448 0.153722
vt 0.560769 0.144350
vt 0.568083 0.140484
vt 0.548677 0.150874
vt 0.554408 0.147807
vt 0.533738 0.159014
vt 0.576770 0.135969
vt 0.541624 0.151076
vt 0.546204 0.147257
vt 0.563274 0.133178
vt 0.570958 0.127002
vt 0.533144 0.158147
vt 0.537309 0.154667
vt 0.556771 0.138504
vt 0.551257 0.143064
vt 0.535796 0.153190
vt 0.539341 0.148801
vt 0.551800 0.133392
vt 0.557014 0.127009
vt 0.543098 0.144157
vt 0.547167 0.139105
vt 0.532392 0.157412
vt 0.563402 0.119307
vt 0.536651 0.147009
vt 0.539434 0.141722
vt 0.549663 0.122197
vt 0.554381 0.113157
vt 0.531511 0.156837
vt 0.534029 0.152021
vt 0.545788 0.129505
vt 0.542444 0.135964
vt 0.539182 0.126865
vt 0.541553 0.118856
vt 0.535352 0.140031
vt 0.537183 0.133822
vt 0.530534 0.156446
vt 0.532063 0.151220
vt 0.533648 0.145815
vt 0.544181 0.109367
vt 0.532980 0.117180
vt 0.533752 0.107704
vt 0.529500 0.156250
vt 0.529975 0.150834
vt 0.530474 0.145192
vt 0.532230 0.125603
vt 0.531006 0.139236
vt 0.531603 0.132725
vt 0.525158 0.125569
vt 0.524271 0.117345
vt 0.526612 0.139305
vt 0.525917 0.132812
vt 0.528447 0.156259
vt 0.527853 0.150848
vt 0.527238 0.145240
vt 0.523311 0.107739
vt 0.213120 0.484168
vt 0.231913 0.489287
vt 0.228275 0.473378
vt 0.239760 0.477653
vt 0.240952 0.463317
vt 0.247500 0.466311
vt 0.206442 0.470929
vt 0.220801 0.465306
vt 0.203857 0.457286
vt 0.215915 0.452133
vt 0.202604 0.436875
vt 0.214555 0.436943
vt 0.202904 0.416151
vt 0.215870 0.423076
vt 0.210443 0.395846
vt 0.222128 0.407740
vt 0.234743 0.458258
vt 0.229830 0.448927
vt 0.227834 0.437288
vt 0.229403 0.426688
vt 0.233693 0.417371
vt 0.255030 0.491450
vt 0.268961 0.469583
vt 0.257191 0.479066
vt 0.255605 0.467808
vt 0.262108 0.462311
vt 0.290064 0.494304
vt 0.275516 0.492870
vt 0.296642 0.495410
vt 0.290152 0.486745
vt 0.274520 0.484043
vt 0.298074 0.490405
vt 0.267317 0.455074
vt 0.278841 0.458118
vt 0.270589 0.445316
vt 0.282987 0.445519
vt 0.270701 0.433415
vt 0.284371 0.431378
vt 0.267299 0.423624
vt 0.280569 0.416944
vt 0.262257 0.414794
vt 0.273018 0.403631
vt 0.231215 0.397393
vt 0.240234 0.409714
vt 0.224937 0.378319
vt 0.246326 0.388673
vt 0.248099 0.404825
vt 0.247504 0.371434
vt 0.261172 0.393431
vt 0.255922 0.407768
vt 0.269225 0.378633
vt 0.287496 0.393093
vt 0.295865 0.411469
vt 0.299724 0.429851
vt 0.300013 0.446263
vt 0.292556 0.466648
vt 0.283172 0.473909
vt 0.292784 0.479169
vt 0.297792 0.473186
vt 0.250171 0.457588
vt 0.253700 0.459024
vt 0.245955 0.455318
vt 0.241231 0.452329
vt 0.236423 0.446295
vt 0.234956 0.437582
vt 0.237331 0.430344
vt 0.241832 0.424731
vt 0.246543 0.420474
vt 0.250033 0.418963
vt 0.252457 0.419809
vt 0.256504 0.423712
vt 0.260545 0.428838
vt 0.262462 0.435418
vt 0.261729 0.444518
vt 0.259078 0.451676
vt 0.256459 0.456173
vt 0.250034 0.453599
vt 0.252095 0.454796
vt 0.246602 0.451793
vt 0.242666 0.450112
vt 0.254048 0.453068
vt 0.255083 0.449757
vt 0.258071 0.444003
vt 0.258664 0.436655
vt 0.257507 0.431295
vt 0.254841 0.427450
vt 0.252045 0.425369
vt 0.249882 0.424736
vt 0.247435 0.425030
vt 0.244072 0.427498
vt 0.240427 0.431786
vt 0.238005 0.437775
vt 0.238709 0.444920
vt 0.251850 0.452084
vt 0.251193 0.450359
vt 0.247739 0.443641
vt 0.248625 0.438789
vt 0.249691 0.443422
vt 0.245429 0.441004
vt 0.246271 0.442760
vt 0.245399 0.438749
vt 0.246013 0.436619
vt 0.246975 0.435107
vt 0.247792 0.434321
vt 0.248732 0.434095
vt 0.249806 0.434422
vt 0.250560 0.435172
vt 0.251101 0.436520
vt 0.251362 0.438467
vt 0.251396 0.440632
vt 0.250923 0.442351
vt 0.244221 0.446324
vt 0.247195 0.447559
vt 0.254589 0.442145
vt 0.255069 0.437778
vt 0.245232 0.431084
vt 0.242982 0.434059
vt 0.252774 0.431444
vt 0.251008 0.430344
vt 0.252866 0.445316
vt 0.241879 0.442960
vt 0.247218 0.429752
vt 0.254267 0.433966
vt 0.250291 0.446824
vt 0.241559 0.438314
vt 0.249118 0.429873
vt 0.299620 0.485565
vt 0.302126 0.481071
vt 0.306229 0.471351
vt 0.305956 0.477448
vt 0.306107 0.464767
vt 0.302530 0.488711
vt 0.301466 0.492584
vt 0.306595 0.490721
vt 0.305249 0.494058
vt 0.308850 0.491256
vt 0.308764 0.494373
vt 0.305702 0.483718
vt 0.308395 0.485677
vt 0.309732 0.487337
vt 0.309558 0.478162
vt 0.312383 0.479900
vt 0.314670 0.482707
vt 0.311963 0.473258
vt 0.316180 0.476803
vt 0.318544 0.482800
vt 0.314525 0.467040
vt 0.320374 0.473264
vt 0.323374 0.480474
vt 0.300479 0.496221
vt 0.303970 0.497368
vt 0.307091 0.497679
vt 0.309272 0.498308
vt 0.314049 0.497721
vt 0.321422 0.494788
vt 0.311049 0.496027
vt 0.315184 0.494512
vt 0.319752 0.491888
vt 0.313095 0.489984
vt 0.313335 0.491221
vt 0.313839 0.488906
vt 0.315102 0.488582
vt 0.315808 0.488878
vt 0.320920 0.488865
vt 0.316086 0.489665
vt 0.315893 0.490195
vt 0.315533 0.490736
vt 0.314623 0.491375
vt 0.314882 0.489873
vt 0.325070 0.488219
vt 0.326993 0.494871
vt 0.328663 0.488681
vt 0.329413 0.480450
vt 0.330296 0.469251
vt 0.321198 0.460520
vt 0.311150 0.453832
vt 0.314174 0.434235
vt 0.314154 0.412904
vt 0.309326 0.384764
vt 0.279850 0.361161
vt 0.251131 0.349149
vt 0.220745 0.353394
vt 0.198352 0.374531
vt 0.184618 0.398868
vt 0.175836 0.423963
vt 0.176596 0.451572
vt 0.178246 0.467465
vt 0.180463 0.483586
vt 0.330730 0.495071
vt 0.333856 0.495258
vt 0.332047 0.489250
vt 0.334853 0.489563
vt 0.334094 0.481778
vt 0.337207 0.482726
vt 0.337557 0.473062
vt 0.340879 0.475256
vt 0.343700 0.464651
vt 0.338504 0.457326
vt 0.328055 0.445588
vt 0.334108 0.429107
vt 0.350887 0.460062
vt 0.350778 0.463980
vt 0.345735 0.468048
vt 0.349344 0.447152
vt 0.338695 0.408416
vt 0.346227 0.386172
vt 0.318662 0.359558
vt 0.287350 0.341544
vt 0.255709 0.327771
vt 0.221352 0.326855
vt 0.358305 0.463988
vt 0.356129 0.467672
vt 0.362624 0.471341
vt 0.359235 0.474309
vt 0.364698 0.479175
vt 0.360945 0.481220
vt 0.365220 0.486815
vt 0.361496 0.487885
vt 0.365124 0.493263
vt 0.361511 0.493810
vt 0.356437 0.427909
vt 0.364776 0.409765
vt 0.367935 0.442066
vt 0.361158 0.454954
vt 0.371098 0.492572
vt 0.378927 0.492038
vt 0.387838 0.491872
vt 0.395767 0.491893
vt 0.403546 0.491969
vt 0.371181 0.484855
vt 0.379005 0.483256
vt 0.370457 0.475563
vt 0.378409 0.471673
vt 0.367664 0.465264
vt 0.375329 0.457567
vt 0.387817 0.482328
vt 0.387512 0.469003
vt 0.384833 0.451307
vt 0.377056 0.430224
vt 0.396276 0.482166
vt 0.397397 0.468191
vt 0.404680 0.482816
vt 0.408294 0.469636
vt 0.396924 0.447222
vt 0.330409 0.338735
vt 0.356091 0.329425
vt 0.375349 0.348644
vt 0.358693 0.364243
vt 0.377117 0.391955
vt 0.294093 0.323623
vt 0.386552 0.379238
vt 0.271566 0.240854
vt 0.265594 0.256323
vt 0.262384 0.254616
vt 0.268303 0.236535
vt 0.278418 0.246900
vt 0.271886 0.256515
vt 0.301358 0.239138
vt 0.303174 0.228710
vt 0.317389 0.232599
vt 0.311544 0.240748
vt 0.362347 0.271793
vt 0.350841 0.256702
vt 0.363923 0.253875
vt 0.370157 0.273766
vt 0.282118 0.292989
vt 0.301756 0.307207
vt 0.298591 0.313255
vt 0.275955 0.296028
vt 0.189898 0.342802
vt 0.129419 0.474458
vt 0.131383 0.449157
vt 0.136783 0.422220
vt 0.147393 0.393499
vt 0.166278 0.365965
vt 0.292763 0.239838
vt 0.291718 0.228899
vt 0.341989 0.495072
vt 0.347709 0.494865
vt 0.342181 0.489582
vt 0.347691 0.489890
vt 0.343574 0.483239
vt 0.348280 0.484009
vt 0.345751 0.476234
vt 0.349756 0.476304
vt 0.350898 0.469483
vt 0.348206 0.470654
vt 0.356383 0.494305
vt 0.356475 0.488447
vt 0.356530 0.482139
vt 0.355886 0.475474
vt 0.354249 0.469417
vt 0.350911 0.466680
vt 0.352795 0.470661
vt 0.352721 0.476154
vt 0.352388 0.482914
vt 0.352135 0.489058
vt 0.352100 0.494634
vt 0.347163 0.469611
vt 0.343252 0.475944
vt 0.340227 0.483016
vt 0.338204 0.489586
vt 0.337486 0.495201
vt 0.342889 0.306202
vt 0.345574 0.312761
vt 0.324787 0.315598
vt 0.324913 0.308957
vt 0.334581 0.242081
vt 0.326156 0.221407
vt 0.347209 0.235001
vt 0.354693 0.295548
vt 0.359352 0.300843
vt 0.401827 0.258275
vt 0.374422 0.253929
vt 0.355669 0.229178
vt 0.377675 0.234920
vt 0.285833 0.242398
vt 0.280674 0.232630
vt 0.382317 0.300649
vt 0.409214 0.318988
vt 0.389605 0.334674
vt 0.372278 0.317525
vt 0.305766 0.302197
vt 0.274569 0.273976
vt 0.269419 0.275854
vt 0.326111 0.247959
vt 0.365415 0.287891
vt 0.357256 0.284452
vt 0.353154 0.273593
vt 0.341856 0.260752
vt 0.286547 0.289937
vt 0.294639 0.243308
vt 0.301736 0.243138
vt 0.301740 0.249409
vt 0.296037 0.249365
vt 0.278205 0.273246
vt 0.288614 0.272997
vt 0.296478 0.286253
vt 0.290651 0.287968
vt 0.276704 0.258361
vt 0.286834 0.261812
vt 0.281315 0.249062
vt 0.287622 0.254768
vt 0.349598 0.275149
vt 0.353949 0.284107
vt 0.351104 0.284151
vt 0.347228 0.276228
vt 0.310125 0.245029
vt 0.309193 0.250405
vt 0.322652 0.251973
vt 0.321551 0.254937
vt 0.337927 0.263515
vt 0.335827 0.265192
vt 0.308711 0.300474
vt 0.311555 0.298986
vt 0.325568 0.303637
vt 0.325498 0.306256
vt 0.315138 0.296765
vt 0.302167 0.284767
vt 0.316229 0.279703
vt 0.321062 0.284523
vt 0.318111 0.288084
vt 0.311354 0.282041
vt 0.298140 0.253861
vt 0.300976 0.258361
vt 0.296824 0.258713
vt 0.293885 0.254594
vt 0.344532 0.277173
vt 0.333168 0.268186
vt 0.327930 0.285340
vt 0.325786 0.290253
vt 0.324187 0.290123
vt 0.341508 0.303310
vt 0.324872 0.291919
vt 0.323135 0.294364
vt 0.322272 0.292857
vt 0.330108 0.275308
vt 0.330411 0.271415
vt 0.339983 0.278723
vt 0.336824 0.280958
vt 0.323087 0.291102
vt 0.325490 0.294726
vt 0.326176 0.299658
vt 0.327199 0.291030
vt 0.315755 0.292107
vt 0.327247 0.293222
vt 0.340200 0.285381
vt 0.343362 0.284733
vt 0.342436 0.290757
vt 0.338924 0.289398
vt 0.318335 0.275480
vt 0.311292 0.272117
vt 0.315804 0.270599
vt 0.305717 0.258556
vt 0.310874 0.264586
vt 0.306099 0.265356
vt 0.301511 0.266444
vt 0.306194 0.273556
vt 0.319713 0.259793
vt 0.309488 0.255255
vt 0.290815 0.250552
vt 0.291373 0.257733
vt 0.292386 0.264488
vt 0.296561 0.273496
vt 0.303267 0.254291
vt 0.322275 0.278152
vt 0.321675 0.271365
vt 0.287383 0.245515
vt 0.332784 0.288224
vt 0.338553 0.296160
vt 0.333423 0.295690
vt 0.330013 0.279633
vt 0.335540 0.283939
vt 0.436265 0.483590
vt 0.445061 0.484624
vt 0.432947 0.461804
vt 0.442028 0.459487
vt 0.424471 0.435278
vt 0.433857 0.432748
vt 0.414532 0.401842
vt 0.424171 0.398037
vt 0.402378 0.363428
vt 0.415600 0.360125
vt 0.404245 0.287772
vt 0.379552 0.277573
vt 0.277911 0.223997
vt 0.402293 0.411156
vt 0.412701 0.446175
vt 0.424044 0.467856
vt 0.427832 0.485669
vt 0.347949 0.284038
vt 0.352042 0.293920
vt 0.349538 0.292751
vt 0.346134 0.291601
vt 0.338224 0.298453
vt 0.340118 0.301052
vt 0.317727 0.264389
vt 0.306440 0.283244
vt 0.294120 0.259841
vt 0.297160 0.266199
vt 0.301704 0.273863
vt 0.309851 0.258571
vt 0.325700 0.323908
vt 0.349105 0.320874
vt 0.261345 0.303167
vt 0.256369 0.250574
vt 0.264234 0.230871
vt 0.328949 0.215057
vt 0.276121 0.216408
vt 0.264794 0.275222
vt 0.254193 0.274267
vt 0.365220 0.310486
vt 0.373814 0.294307
vt 0.306782 0.216039
vt 0.308127 0.208556
vt 0.290919 0.217051
vt 0.290778 0.208983
vt 0.389679 0.419699
vt 0.410654 0.491733
vt 0.410607 0.484539
vt 0.416122 0.478001
vt 0.418834 0.489169
vt 0.523880 0.055126
vt 0.523687 0.054091
vt 0.529035 0.053631
vt 0.489265 0.074140
vt 0.486036 0.065856
vt 0.494159 0.063574
vt 0.496779 0.070253
vt 0.486085 0.088098
vt 0.480186 0.078678
vt 0.494159 0.081578
vt 0.518209 0.073348
vt 0.514563 0.070834
vt 0.518428 0.066224
vt 0.521094 0.068069
vt 0.476339 0.068428
vt 0.474635 0.057680
vt 0.484542 0.057119
vt 0.520588 0.060381
vt 0.519439 0.058594
vt 0.524271 0.056103
vt 0.524846 0.056985
vt 0.503159 0.101577
vt 0.494065 0.095771
vt 0.500361 0.087924
vt 0.507697 0.092813
vt 0.518666 0.056621
vt 0.518279 0.054541
vt 0.493018 0.056527
vt 0.500169 0.056001
vt 0.501214 0.061614
vt 0.522075 0.061897
vt 0.523821 0.063106
vt 0.506698 0.055469
vt 0.507469 0.059814
vt 0.511472 0.067655
vt 0.509078 0.063929
vt 0.514409 0.061189
vt 0.516185 0.063893
vt 0.500662 0.076292
vt 0.503241 0.066961
vt 0.506383 0.071768
vt 0.505674 0.081437
vt 0.511588 0.085481
vt 0.525579 0.057741
vt 0.526449 0.058335
vt 0.513235 0.058172
vt 0.512680 0.054993
vt 0.510397 0.075847
vt 0.515117 0.079020
vt 0.527417 0.058748
vt 0.518174 0.088265
vt 0.520326 0.081311
vt 0.525777 0.063933
vt 0.515776 0.096113
vt 0.524079 0.069315
vt 0.513008 0.105479
vt 0.522289 0.075060
vt 0.500324 0.050295
vt 0.506818 0.051076
vt 0.493128 0.049430
vt 0.518306 0.052425
vt 0.523700 0.053040
vt 0.512720 0.051779
vt 0.475153 0.046919
vt 0.484890 0.048325
vt 0.523922 0.052010
vt 0.513386 0.048632
vt 0.518744 0.050353
vt 0.486935 0.039858
vt 0.494640 0.042474
vt 0.501605 0.044782
vt 0.507731 0.046802
vt 0.477735 0.036623
vt 0.503854 0.039630
vt 0.509455 0.042771
vt 0.497596 0.036036
vt 0.519590 0.048411
vt 0.524336 0.051044
vt 0.514683 0.045694
vt 0.482171 0.027109
vt 0.490492 0.031996
vt 0.524932 0.050177
vt 0.516498 0.043047
vt 0.520795 0.046674
vt 0.495473 0.025009
vt 0.501670 0.030322
vt 0.507061 0.035011
vt 0.511981 0.039189
vt 0.488293 0.018677
vt 0.506738 0.025522
vt 0.511101 0.031084
vt 0.522312 0.045208
vt 0.525687 0.049446
vt 0.515134 0.036176
vt 0.518817 0.040836
vt 0.495857 0.011622
vt 0.501657 0.019115
vt 0.526566 0.048873
vt 0.521499 0.039086
vt 0.524083 0.044064
vt 0.508799 0.014442
vt 0.512593 0.021789
vt 0.515860 0.028094
vt 0.518783 0.033787
vt 0.504540 0.006194
vt 0.526042 0.043290
vt 0.527542 0.048486
vt 0.522847 0.032208
vt 0.524477 0.037888
vt 0.514014 0.002227
vt 0.516767 0.011349
vt 0.519040 0.019124
vt 0.521056 0.026061
vt 0.527634 0.037321
vt 0.528112 0.042897
vt 0.525199 0.009689
vt 0.525935 0.017938
vt 0.526559 0.024979
vt 0.527119 0.031440
vt 0.528573 0.048293
vt 0.524233 0.000115
vt 0.531474 0.031459
vt 0.530833 0.037372
vt 0.534782 0.000090
vt 0.533836 0.009764
vt 0.529622 0.048308
vt 0.530218 0.042932
vt 0.532938 0.017933
vt 0.532181 0.025090
vt 0.542299 0.011535
vt 0.539819 0.019365
vt 0.537689 0.026187
vt 0.535759 0.032330
vt 0.532281 0.043359
vt 0.530649 0.048523
vt 0.533969 0.038010
vt 0.545166 0.002162
vt 0.555034 0.006259
vt 0.550227 0.014985
vt 0.531613 0.048937
vt 0.536905 0.039287
vt 0.534215 0.044194
vt 0.546336 0.022064
vt 0.542844 0.028426
vt 0.539773 0.034070
vt 0.557447 0.019738
vt 0.552095 0.026112
vt 0.547530 0.031560
vt 0.543357 0.036552
vt 0.535960 0.045376
vt 0.532480 0.049529
vt 0.539556 0.041082
vt 0.563599 0.012504
vt 0.570895 0.019909
vt 0.563422 0.025964
vt 0.533213 0.050279
vt 0.541819 0.043361
vt 0.537429 0.046888
vt 0.557083 0.031066
vt 0.551430 0.035619
vt 0.546422 0.039639
vt 0.554529 0.040289
vt 0.548848 0.043276
vt 0.560849 0.036994
vt 0.538589 0.048649
vt 0.533789 0.051157
vt 0.543572 0.046058
vt 0.576696 0.028621
vt 0.568192 0.033149
vt 0.534180 0.052132
vt 0.544761 0.049037
vt 0.539381 0.050605
vt 0.571416 0.041146
vt 0.563510 0.043462
vt 0.556711 0.045496
vt 0.550464 0.047341
vt 0.580678 0.038348
vt 0.557749 0.051055
vt 0.551307 0.051629
vt 0.564883 0.050343
vt 0.539779 0.052679
vt 0.534377 0.053164
vt 0.545388 0.052186
vt 0.582689 0.048645
vt 0.573058 0.049606
vt 0.534365 0.054215
vt 0.545351 0.055402
vt 0.539765 0.054795
vt 0.573040 0.058229
vt 0.564892 0.057383
vt 0.557697 0.056690
vt 0.551305 0.056017
vt 0.582689 0.059134
vt 0.563564 0.064345
vt 0.556552 0.062195
vt 0.539339 0.056868
vt 0.534152 0.055245
vt 0.550397 0.060317
vt 0.544683 0.058539
vt 0.580692 0.069446
vt 0.571345 0.066698
vt 0.543448 0.061505
vt 0.538504 0.058815
vt 0.568083 0.074743
vt 0.560769 0.070877
vt 0.554408 0.067419
vt 0.548677 0.064353
vt 0.533738 0.056213
vt 0.576770 0.079259
vt 0.546204 0.067970
vt 0.541623 0.064151
vt 0.570958 0.088226
vt 0.563274 0.082049
vt 0.533144 0.057081
vt 0.537308 0.060560
vt 0.556770 0.076723
vt 0.551257 0.072164
vt 0.539341 0.066426
vt 0.535796 0.062038
vt 0.557014 0.088218
vt 0.551799 0.081836
vt 0.547167 0.076121
vt 0.543097 0.071071
vt 0.532392 0.057816
vt 0.563401 0.095920
vt 0.539433 0.073505
vt 0.536650 0.068217
vt 0.554380 0.102070
vt 0.549662 0.093031
vt 0.531511 0.058390
vt 0.534029 0.063206
vt 0.545787 0.085723
vt 0.542444 0.079264
vt 0.541552 0.096371
vt 0.539181 0.088363
vt 0.537183 0.081405
vt 0.535351 0.075197
vt 0.532062 0.064007
vt 0.530534 0.058781
vt 0.533647 0.069412
vt 0.544181 0.105860
vt 0.533751 0.107523
vt 0.532979 0.098048
vt 0.529499 0.058977
vt 0.530474 0.070035
vt 0.529974 0.064393
vt 0.532230 0.089624
vt 0.531602 0.082502
vt 0.531005 0.075991
vt 0.524271 0.097882
vt 0.525157 0.089658
vt 0.525917 0.082414
vt 0.526612 0.075921
vt 0.527852 0.064379
vt 0.528447 0.058967
vt 0.527238 0.069987
vt 0.523310 0.107488
s 1
g off
usemtl body
f 31/1/31 25/4/25 94/3/94 95/2/95
f 32/5/32 11/8/11 92/7/92 96/6/96
f 33/9/33 10/10/10 11/8/11 32/5/32
f 34/11/34 13/12/13 10/10/10 33/9/33
f 35/13/35 12/14/12 13/12/13 34/11/34
f 36/15/36 14/16/14 12/14/12 35/13/35
f 37/17/37 15/18/15 14/16/14 36/15/36
f 38/19/38 3/20/3 15/18/15 37/17/37
f 39/21/39 2/22/2 3/20/3 38/19/38
f 40/23/40 1/24/1 2/22/2 39/21/39
f 41/25/41 4/26/4 1/24/1 40/23/40
f 42/27/42 5/28/5 4/26/4 41/25/41
f 43/29/43 6/30/6 5/28/5 42/27/42
f 44/31/44 7/32/7 6/30/6 43/29/43
f 45/33/45 8/34/8 7/32/7 44/31/44
f 31/1/31 9/35/9 8/34/8 45/33/45
f 25/4/25 31/1/31 45/33/45 26/36/26
f 26/36/26 45/33/45 44/31/44 19/37/19
f 19/37/19 44/31/44 43/29/43 22/38/22
f 22/38/22 43/29/43 42/27/42 18/39/18
f 18/39/18 42/27/42 41/25/41 30/40/30
f 30/40/30 41/25/41 40/23/40 17/41/17
f 17/41/17 40/23/40 39/21/39 20/42/20
f 20/42/20 39/21/39 38/19/38 27/43/27
f 27/43/27 38/19/38 37/17/37 24/44/24
f 24/44/24 37/17/37 36/15/36 21/45/21
f 21/45/21 36/15/36 35/13/35 23/46/23
f 23/46/23 35/13/35 34/11/34 29/47/29
f 29/47/29 34/11/34 33/9/33 16/48/16
f 16/48/16 33/9/33 32/5/32 28/49/28
f 28/49/28 32/5/32 96/6/96 93/50/93
f 9/35/9 31/1/31 95/2/95 91/51/91
f 76/52/76 95/2/95 94/3/94 70/53/70
f 77/54/77 96/57/96 92/56/92 56/55/56
f 78/58/78 77/54/77 56/55/56 55/59/55
f 79/60/79 78/58/78 55/59/55 58/61/58
f 80/62/80 79/60/79 58/61/58 57/63/57
f 81/64/81 80/62/80 57/63/57 59/65/59
f 82/66/82 81/64/81 59/65/59 60/67/60
f 83/68/83 82/66/82 60/67/60 48/69/48
f 84/70/84 83/68/83 48/69/48 47/71/47
f 85/72/85 84/70/84 47/71/47 46/73/46
f 86/74/86 85/72/85 46/73/46 49/75/49
f 87/76/87 86/74/86 49/75/49 50/77/50
f 88/78/88 87/76/87 50/77/50 51/79/51
f 89/80/89 88/78/88 51/79/51 52/81/52
f 90/82/90 89/80/89 52/81/52 53/83/53
f 76/52/76 90/82/90 53/83/53 54/84/54
f 70/53/70 71/85/71 90/82/90 76/52/76
f 71/85/71 64/86/64 89/80/89 90/82/90
f 64/86/64 67/87/67 88/78/88 89/80/89
f 67/87/67 63/88/63 87/76/87 88/78/88
f 63/88/63 75/89/75 86/74/86 87/76/87
f 75/89/75 62/90/62 85/72/85 86/74/86
f 62/90/62 65/91/65 84/70/84 85/72/85
f 65/91/65 72/92/72 83/68/83 84/70/84
f 72/92/72 69/93/69 82/66/82 83/68/83
f 69/93/69 66/94/66 81/64/81 82/66/82
f 66/94/66 68/95/68 80/62/80 81/64/81
f 68/95/68 74/96/74 79/60/79 80/62/80
f 74/96/74 61/97/61 78/58/78 79/60/79
f 61/97/61 73/98/73 77/54/77 78/58/78
f 73/98/73 93/99/93 96/57/96 77/54/77
f 54/84/54 91/51/91 95/2/95 76/52/76
usemtl 
f 1279/100/1279 1280/103/1280 106/102/106 105/101/105
f 106/102/106 109/105/109 107/104/107 105/101/105
f 110/106/110 108/107/108 107/104/107 109/105/109
f 106/102/106 116/109/116 111/108/111 109/105/109
f 117/110/117 112/111/112 111/108/111 116/109/116
f 118/112/118 113/113/113 112/111/112 117/110/117
f 119/114/119 114/115/114 113/113/113 118/112/118
f 120/116/120 115/117/115 114/115/114 119/114/119
f 121/118/121 110/106/110 109/105/109 111/108/111
f 112/111/112 122/119/122 121/118/121 111/108/111
f 113/113/113 123/120/123 122/119/122 112/111/112
f 114/115/114 124/121/124 123/120/123 113/113/113
f 115/117/115 125/122/125 124/121/124 114/115/114
f 105/101/105 126/124/126 1281/123/1281 1279/100/1279
f 141/125/141 130/128/130 134/127/134 135/126/135
f 128/129/128 1284/132/1284 1283/131/1283 127/130/127
f 129/133/129 1282/134/1282 1284/132/1284 128/129/128
f 107/104/107 130/128/130 126/124/126 105/101/105
f 132/135/132 128/129/128 127/130/127 131/136/131
f 133/137/133 129/133/129 128/129/128 132/135/132
f 108/107/108 134/127/134 130/128/130 107/104/107
f 136/138/136 142/139/142 141/125/141 135/126/135
f 137/140/137 143/141/143 142/139/142 136/138/136
f 138/142/138 144/143/144 143/141/143 137/140/137
f 139/144/139 145/145/145 144/143/144 138/142/138
f 140/146/140 146/147/146 145/145/145 139/144/139
f 115/117/115 150/149/150 147/148/147 125/122/125
f 120/116/120 151/150/151 150/149/150 115/117/115
f 152/151/152 149/152/149 147/148/147 150/149/150
f 151/150/151 153/153/153 152/151/152 150/149/150
f 154/154/154 148/155/148 149/152/149 152/151/152
f 154/154/154 146/147/146 140/146/140 148/155/148
f 153/153/153 155/156/155 154/154/154 152/151/152
f 156/157/156 146/147/146 154/154/154 155/156/155
f 157/158/157 145/145/145 146/147/146 156/157/156
f 158/159/158 144/143/144 145/145/145 157/158/157
f 159/160/159 143/141/143 144/143/144 158/159/158
f 160/161/160 142/139/142 143/141/143 159/160/159
f 161/162/161 141/125/141 142/139/142 160/161/160
f 162/163/162 132/135/132 131/136/131 161/162/161
f 160/161/160 163/164/163 162/163/162 161/162/161
f 108/107/108 165/166/165 164/165/164 134/127/134
f 110/106/110 166/167/166 165/166/165 108/107/108
f 121/118/121 167/168/167 166/167/166 110/106/110
f 122/119/122 168/169/168 167/168/167 121/118/121
f 123/120/123 169/170/169 168/169/168 122/119/122
f 124/121/124 170/171/170 169/170/169 123/120/123
f 125/122/125 171/172/171 170/171/170 124/121/124
f 147/148/147 172/173/172 171/172/171 125/122/125
f 149/152/149 173/174/173 172/173/172 147/148/147
f 148/155/148 174/175/174 173/174/173 149/152/149
f 140/146/140 175/176/175 174/175/174 148/155/148
f 139/144/139 176/177/176 175/176/175 140/146/140
f 138/142/138 177/178/177 176/177/176 139/144/139
f 137/140/137 178/179/178 177/178/177 138/142/138
f 136/138/136 179/180/179 178/179/178 137/140/137
f 135/126/135 180/181/180 179/180/179 136/138/136
f 165/166/165 182/183/182 181/182/181 164/165/164
f 166/167/166 183/184/183 182/183/182 165/166/165
f 167/168/167 184/185/184 183/184/183 166/167/166
f 180/181/180 164/165/164 181/182/181 185/186/185
f 186/187/186 179/180/179 180/181/180 185/186/185
f 187/188/187 178/179/178 179/180/179 186/187/186
f 188/189/188 177/178/177 178/179/178 187/188/187
f 189/190/189 176/177/176 177/178/177 188/189/188
f 190/191/190 175/176/175 176/177/176 189/190/189
f 191/192/191 174/175/174 175/176/175 190/191/190
f 192/193/192 173/174/173 174/175/174 191/192/191
f 193/194/193 172/173/172 173/174/173 192/193/192
f 194/195/194 171/172/171 172/173/172 193/194/193
f 195/196/195 170/171/170 171/172/171 194/195/194
f 196/197/196 169/170/169 170/171/170 195/196/195
f 197/198/197 168/169/168 169/170/169 196/197/196
f 197/198/197 184/185/184 167/168/167 168/169/168
f 182/183/182 199/199/199 185/186/185 181/182/181
f 198/200/198 199/199/199 182/183/182 183/184/183
f 199/199/199 198/200/198 186/187/186 185/186/185
f 135/126/135 134/127/134 164/165/164 180/181/180
f 127/130/127 1283/131/1283 1281/123/1281 126/124/126
f 131/136/131 130/128/130 141/125/141 161/162/161
f 127/130/127 126/124/126 130/128/130 131/136/131
f 202/201/202 200/203/200 229/202/229
f 205/204/205 200/203/200 203/205/203
f 207/206/207 200/203/200 205/204/205
f 209/207/209 200/203/200 207/206/207
f 211/208/211 200/203/200 209/207/209
f 213/209/213 200/203/200 211/208/211
f 215/210/215 200/203/200 213/209/213
f 217/211/217 200/203/200 215/210/215
f 219/212/219 200/203/200 217/211/217
f 221/213/221 200/203/200 219/212/219
f 223/214/223 200/203/200 221/213/221
f 225/215/225 200/203/200 223/214/223
f 227/216/227 200/203/200 225/215/225
f 229/202/229 200/203/200 227/216/227
f 184/185/184 204/218/204 201/217/201 183/184/183
f 187/188/187 226/220/226 224/219/224 188/189/188
f 194/195/194 212/222/212 210/221/210 195/196/195
f 190/191/190 220/224/220 218/223/218 191/192/191
f 186/187/186 228/225/228 226/220/226 187/188/187
f 197/198/197 206/226/206 204/218/204 184/185/184
f 193/194/193 214/227/214 212/222/212 194/195/194
f 189/190/189 222/228/222 220/224/220 190/191/190
f 198/200/198 230/229/230 228/225/228 186/187/186
f 196/197/196 208/230/208 206/226/206 197/198/197
f 192/193/192 216/231/216 214/227/214 193/194/193
f 188/189/188 224/219/224 222/228/222 189/190/189
f 195/196/195 210/221/210 208/230/208 196/197/196
f 191/192/191 218/223/218 216/231/216 192/193/192
f 203/205/203 200/203/200 202/201/202
f 202/201/202 201/217/201 204/218/204 203/205/203
f 203/205/203 204/218/204 206/226/206 205/204/205
f 205/204/205 206/226/206 208/230/208 207/206/207
f 207/206/207 208/230/208 210/221/210 209/207/209
f 209/207/209 210/221/210 212/222/212 211/208/211
f 211/208/211 212/222/212 214/227/214 213/209/213
f 213/209/213 214/227/214 216/231/216 215/210/215
f 215/210/215 216/231/216 218/223/218 217/211/217
f 217/211/217 218/223/218 220/224/220 219/212/219
f 219/212/219 220/224/220 222/228/222 221/213/221
f 221/213/221 222/228/222 224/219/224 223/214/223
f 223/214/223 224/219/224 226/220/226 225/215/225
f 225/215/225 226/220/226 228/225/228 227/216/227
f 227/216/227 228/225/228 230/229/230 229/202/229
f 229/202/229 230/229/230 201/217/201 202/201/202
f 201/217/201 230/229/230 198/200/198 183/184/183
f 231/232/231 133/137/133 132/135/132 162/163/162
f 163/164/163 232/233/232 231/232/231 162/163/162
f 163/164/163 237/235/237 236/234/236 232/233/232
f 160/161/160 238/236/238 237/235/237 163/164/163
f 231/232/231 239/238/239 233/237/233 133/137/133
f 240/239/240 234/240/234 233/237/233 239/238/239
f 241/241/241 235/242/235 234/240/234 240/239/240
f 232/233/232 242/243/242 239/238/239 231/232/231
f 243/244/243 240/239/240 239/238/239 242/243/242
f 244/245/244 241/241/241 240/239/240 243/244/243
f 236/234/236 245/246/245 242/243/242 232/233/232
f 247/247/247 243/244/243 242/243/242 245/246/245
f 247/247/247 246/248/246 244/245/244 243/244/243
f 237/235/237 248/249/248 245/246/245 236/234/236
f 249/250/249 247/247/247 245/246/245 248/249/248
f 250/251/250 246/248/246 247/247/247 249/250/249
f 238/236/238 251/252/251 248/249/248 237/235/237
f 252/253/252 249/250/249 248/249/248 251/252/251
f 253/254/253 250/251/250 249/250/249 252/253/252
f 254/255/254 129/133/129 133/137/133 233/237/233
f 1285/256/1285 1282/134/1282 129/133/129 254/255/254
f 234/240/234 255/257/255 254/255/254 233/237/233
f 1286/258/1286 1285/256/1285 254/255/254 255/257/255
f 235/242/235 256/259/256 255/257/255 234/240/234
f 1287/260/1287 1286/258/1286 255/257/255 256/259/256
f 256/259/256 257/262/257 1289/261/1289 1287/260/1287
f 258/263/258 1290/264/1290 1289/261/1289 257/262/257
f 259/265/259 1288/266/1288 1290/264/1290 258/263/258
f 235/242/235 260/267/260 257/262/257 256/259/256
f 261/268/261 258/263/258 257/262/257 260/267/260
f 262/269/262 259/265/259 258/263/258 261/268/261
f 241/241/241 265/271/265 264/270/264 235/242/235
f 244/245/244 266/272/266 265/271/265 241/241/241
f 246/248/246 267/273/267 266/272/266 244/245/244
f 250/251/250 268/274/268 267/273/267 246/248/246
f 263/275/263 269/276/269 268/274/268 250/251/250
f 262/269/262 270/277/270 269/276/269 263/275/263
f 261/268/261 271/278/271 270/277/270 262/269/262
f 260/267/260 272/279/272 271/278/271 261/268/261
f 264/270/264 272/279/272 260/267/260 235/242/235
f 272/279/272 273/280/273 271/278/271
f 267/273/267 273/280/273 266/272/266
f 269/276/269 273/280/273 268/274/268
f 264/270/264 273/280/273 272/279/272
f 271/278/271 273/280/273 270/277/270
f 266/272/266 273/280/273 265/271/265
f 268/274/268 273/280/273 267/273/267
f 270/277/270 273/280/273 269/276/269
f 265/271/265 273/280/273 264/270/264
f 253/254/253 274/281/274 263/275/263 250/251/250
f 274/281/274 259/265/259 262/269/262 263/275/263
f 259/265/259 275/283/275 1291/282/1291 1288/266/1288
f 274/281/274 276/284/276 275/283/275 259/265/259
f 253/254/253 277/285/277 276/284/276 274/281/274
f 252/253/252 278/286/278 277/285/277 253/254/253
f 251/252/251 279/287/279 278/286/278 252/253/252
f 159/160/159 280/288/280 238/236/238 160/161/160
f 280/288/280 279/287/279 251/252/251 238/236/238
f 158/159/158 281/289/281 280/288/280 159/160/159
f 157/158/157 282/290/282 281/289/281 158/159/158
f 156/157/156 283/291/283 282/290/282 157/158/157
f 155/156/155 284/292/284 283/291/283 156/157/156
f 153/153/153 285/293/285 284/292/284 155/156/155
f 151/150/151 286/294/286 285/293/285 153/153/153
f 120/116/120 287/295/287 286/294/286 151/150/151
f 119/114/119 288/296/288 287/295/287 120/116/120
f 118/112/118 289/297/289 288/296/288 119/114/119
f 117/110/117 290/298/290 289/297/289 118/112/118
f 116/109/116 291/299/291 290/298/290 117/110/117
f 106/102/106 292/300/292 291/299/291 116/109/116
f 1280/103/1280 1292/301/1292 292/300/292 106/102/106
f 356/302/356 293/305/293 1293/304/1293 1303/303/1303
f 357/306/357 294/307/294 293/305/293 356/302/356
f 358/308/358 295/309/295 294/307/294 357/306/357
f 359/310/359 296/311/296 295/309/295 358/308/358
f 360/312/360 359/310/359 278/286/278 297/313/297
f 279/287/279 300/314/300 297/313/297 278/286/278
f 281/289/281 300/314/300 279/287/279 280/288/280
f 282/290/282 301/315/301 300/314/300 281/289/281
f 360/312/360 361/318/361 299/317/299 298/316/298
f 301/315/301 302/319/302 297/313/297 300/314/300
f 283/291/283 303/320/303 301/315/301 282/290/282
f 305/321/305 303/320/303 283/291/283 304/322/304
f 284/292/284 307/323/307 304/322/304 283/291/283
f 285/293/285 308/324/308 307/323/307 284/292/284
f 286/294/286 309/325/309 308/324/308 285/293/285
f 361/318/361 362/327/362 310/326/310 299/317/299
f 363/328/363 311/329/311 310/326/310 362/327/362
f 364/330/364 312/331/312 311/329/311 363/328/363
f 365/332/365 313/333/313 312/331/312 364/330/364
f 366/334/366 314/335/314 313/333/313 365/332/365
f 1304/336/1304 1294/337/1294 314/335/314 366/334/366
f 306/338/306 302/319/302 301/315/301 303/320/303
f 305/321/305 320/339/320 306/338/306 303/320/303
f 306/338/306 321/341/321 315/340/315 302/319/302
f 319/342/319 322/345/322 1299/344/1299 1295/343/1295
f 323/346/323 1297/347/1297 1299/344/1299 322/345/322
f 324/348/324 1298/349/1298 1297/347/1297 323/346/323
f 325/350/325 1296/351/1296 1298/349/1298 324/348/324
f 318/352/318 326/353/326 322/345/322 319/342/319
f 317/354/317 327/355/327 326/353/326 318/352/318
f 316/356/316 328/357/328 327/355/327 317/354/317
f 321/341/321 328/357/328 316/356/316 315/340/315
f 329/358/329 323/346/323 322/345/322 326/353/326
f 327/355/327 330/359/330 329/358/329 326/353/326
f 328/357/328 331/360/331 330/359/330 327/355/327
f 321/341/321 332/361/332 331/360/331 328/357/328
f 320/339/320 332/361/332 321/341/321 306/338/306
f 333/362/333 324/348/324 323/346/323 329/358/329
f 330/359/330 334/363/334 333/362/333 329/358/329
f 335/364/335 325/350/325 324/348/324 333/362/333
f 334/363/334 336/365/336 335/364/335 333/362/333
f 331/360/331 337/366/337 334/363/334 330/359/330
f 490/367/490 514/370/514 342/369/342 339/368/339
f 305/321/305 339/368/339 338/371/338 320/339/320
f 307/323/307 493/372/493 490/367/490 304/322/304
f 343/373/343 338/371/338 339/368/339 342/369/342
f 500/374/500 513/377/513 547/376/547 548/375/548
f 392/378/392 391/379/391 513/377/513 500/374/500
f 450/380/450 506/383/506 511/382/511 394/381/394
f 494/384/494 496/387/496 551/386/551 552/385/552
f 502/388/502 504/391/504 544/390/544 546/389/546
g Group
f 287/295/287 346/392/346 309/325/309 286/294/286
g off
f 347/393/347 292/300/292 1292/301/1292 1301/394/1301
f 348/395/348 291/299/291 292/300/292 347/393/347
f 349/396/349 290/298/290 291/299/291 348/395/348
f 350/397/350 289/297/289 290/298/290 349/396/349
f 351/398/351 288/296/288 289/297/289 350/397/350
g Group
f 346/392/346 287/295/287 288/296/288 351/398/351
g off
f 460/399/460 509/400/509 506/383/506 450/380/450
f 367/401/367 352/404/352 1302/403/1302 1306/402/1306
f 369/405/369 353/406/353 352/404/352 367/401/367
f 371/407/371 354/408/354 353/406/353 369/405/369
f 373/409/373 355/410/355 354/408/354 371/407/371
f 377/411/377 355/410/355 373/409/373 375/412/375
f 1295/343/1295 1304/336/1304 366/334/366 319/342/319
f 319/342/319 366/334/366 365/332/365 318/352/318
f 318/352/318 365/332/365 364/330/364 317/354/317
f 317/354/317 364/330/364 363/328/363 316/356/316
f 316/356/316 363/328/363 362/327/362 315/340/315
f 302/319/302 315/340/315 362/327/362 361/318/361
f 297/313/297 302/319/302 361/318/361 360/312/360
f 298/316/298 296/311/296 359/310/359 360/312/360
f 278/286/278 359/310/359 358/308/358 277/285/277
f 277/285/277 358/308/358 357/306/357 276/284/276
f 276/284/276 357/306/357 356/302/356 275/283/275
f 275/283/275 356/302/356 1303/303/1303 1291/282/1291
f 379/413/379 314/335/314 1294/337/1294 1307/414/1307
f 381/415/381 313/333/313 314/335/314 379/413/379
f 383/416/383 312/331/312 313/333/313 381/415/381
f 385/417/385 311/329/311 312/331/312 383/416/383
f 387/418/387 310/326/310 311/329/311 385/417/385
f 378/419/378 299/317/299 310/326/310 387/418/387
f 377/411/377 378/419/378 387/418/387 388/420/388
f 388/420/388 387/418/387 385/417/385 386/421/386
f 355/410/355 386/421/386 384/422/384 354/408/354
f 386/421/386 385/417/385 383/416/383 384/422/384
f 354/408/354 384/422/384 382/423/382 353/406/353
f 384/422/384 383/416/383 381/415/381 382/423/382
f 353/406/353 382/423/382 380/424/380 352/404/352
f 382/423/382 381/415/381 379/413/379 380/424/380
f 352/404/352 380/424/380 1308/425/1308 1302/403/1302
f 380/424/380 379/413/379 1307/414/1307 1308/425/1308
f 299/317/299 378/419/378 376/426/376 298/316/298
f 378/419/378 377/411/377 375/412/375 376/426/376
f 298/316/298 376/426/376 374/427/374 296/311/296
f 376/426/376 375/412/375 373/409/373 374/427/374
f 296/311/296 374/427/374 372/428/372 295/309/295
f 374/427/374 373/409/373 371/407/371 372/428/372
f 295/309/295 372/428/372 370/429/370 294/307/294
f 372/428/372 371/407/371 369/405/369 370/429/370
f 294/307/294 370/429/370 368/430/368 293/305/293
f 370/429/370 369/405/369 367/401/367 368/430/368
f 293/305/293 368/430/368 1305/431/1305 1293/304/1293
f 368/430/368 367/401/367 1306/402/1306 1305/431/1305
f 388/420/388 386/421/386 355/410/355 377/411/377
f 399/432/399 519/435/519 521/434/521 400/433/400
f 498/436/498 511/382/511 549/438/549 550/437/550
f 496/387/496 498/436/498 550/437/550 551/386/551
f 398/439/398 491/440/491 519/435/519 399/432/399
f 98/441/98 503/444/503 501/443/501 470/442/470
f 509/400/509 460/399/460 393/446/393 492/445/492
f 510/447/510 99/450/99 476/449/476 495/448/495
f 400/433/400 521/434/521 504/391/504 401/451/401
f 390/452/390 515/453/515 513/377/513 391/379/391
f 393/446/393 392/378/392 500/374/500 492/445/492
f 395/454/395 394/381/394 511/382/511 498/436/498
f 517/455/517 477/457/477 397/456/397 494/384/494
f 396/458/396 395/454/395 498/436/498 496/387/496
f 397/456/397 396/458/396 496/387/496 494/384/494
f 477/457/477 517/455/517 491/440/491 398/439/398
f 515/453/515 390/452/390 389/459/389 502/388/502
f 535/460/535 534/463/534 451/462/451 461/461/461
f 524/464/524 403/467/403 402/466/402 523/465/523
f 525/468/525 404/469/404 403/467/403 524/464/524
f 526/470/526 405/471/405 404/469/404 525/468/525
f 531/472/531 537/475/537 478/474/478 410/473/410
f 534/463/534 528/477/528 407/476/407 451/462/451
f 529/478/529 408/479/408 407/476/407 528/477/528
f 530/480/530 409/481/409 408/479/408 529/478/529
f 533/482/533 412/485/412 411/484/411 532/483/532
f 440/486/440 412/485/412 402/466/402 439/487/439
f 463/488/463 422/491/422 415/490/415 413/489/413
f 466/492/466 462/495/462 418/494/418 444/493/444
f 449/496/449 447/497/447 409/481/409 410/473/410
f 453/498/453 454/500/454 423/499/423 422/491/422
f 522/501/522 399/432/399 400/433/400 532/483/532
f 430/502/430 428/504/428 427/503/427
f 416/505/416 432/508/432 431/507/431 420/506/420
f 424/509/424 430/502/430 427/503/427
f 423/499/423 430/502/430 424/509/424
f 428/504/428 430/502/430 429/510/429
f 435/511/435 411/484/411 412/485/412 440/486/440
f 425/512/425 430/502/430 454/500/454
f 427/503/427 417/513/417 415/490/415 424/509/424
f 425/512/425 426/514/426 430/502/430
f 480/515/480 455/518/455 434/517/434 469/516/469
f 429/510/429 430/502/430 426/514/426
f 420/506/420 431/507/431 455/518/455 480/515/480
f 523/465/523 533/482/533 401/451/401 389/459/389
f 456/519/456 463/488/463 464/521/464 458/520/458
f 462/495/462 452/524/452 457/523/457 465/522/465
f 465/522/465 437/525/437 418/494/418 462/495/462
f 464/521/464 438/526/438 437/525/437 465/522/465
f 463/488/463 413/489/413 438/526/438 464/521/464
f 531/472/531 410/473/410 409/481/409 530/480/530
f 409/481/409 447/497/447 446/527/446 408/479/408
f 408/479/408 446/527/446 445/528/445 407/476/407
f 461/461/461 466/492/466 444/493/444 406/529/406
f 406/529/406 444/493/444 443/530/443 405/471/405
f 405/471/405 443/530/443 442/531/442 404/469/404
f 404/469/404 442/531/442 441/532/441 403/467/403
f 403/467/403 441/532/441 439/487/439 402/466/402
f 461/461/461 451/462/451 459/533/459 466/492/466
f 436/534/436 456/519/456 458/520/458 414/535/414
f 527/536/527 406/529/406 405/471/405 526/470/526
f 407/476/407 445/528/445 459/533/459 451/462/451
f 421/537/421 425/512/425 454/500/454 453/498/453
f 535/460/535 461/461/461 406/529/406 527/536/527
f 424/509/424 415/490/415 422/491/422 423/499/423
f 469/516/469 434/517/434 433/539/433 419/538/419
f 465/522/465 457/523/457 458/520/458 464/521/464
f 459/533/459 452/524/452 462/495/462 466/492/466
f 430/502/430 423/499/423 454/500/454
f 467/540/467 436/534/436 414/535/414 416/505/416
f 420/506/420 468/541/468 467/540/467 416/505/416
f 419/538/419 426/514/426 425/512/425 421/537/421
f 436/534/436 422/491/422 463/488/463 456/519/456
f 467/540/467 453/498/453 422/491/422 436/534/436
f 468/541/468 421/537/421 453/498/453 467/540/467
f 471/542/471 104/545/104 1278/544/1278 1309/543/1309
f 472/546/472 103/547/103 104/545/104 471/542/471
f 473/548/473 102/549/102 103/547/103 472/546/472
f 474/550/474 101/551/101 102/549/102 473/548/473
f 475/552/475 100/553/100 101/551/101 474/550/474
f 476/449/476 99/450/99 100/553/100 475/552/475
f 342/369/342 476/449/476 475/552/475 343/373/343
f 97/554/97 505/555/505 503/444/503 98/441/98
f 492/445/492 500/374/500 548/375/548 553/556/553
f 343/373/343 475/552/475 474/550/474 344/557/344
f 344/557/344 474/550/474 473/548/473 345/558/345
f 345/558/345 473/548/473 472/546/472 341/559/341
f 341/559/341 472/546/472 471/542/471 340/560/340
f 340/560/340 471/542/471 1309/543/1309 1300/561/1300
f 97/554/97 99/450/99 510/447/510 505/555/505
f 449/496/449 410/473/410 478/474/478 479/562/479
f 495/448/495 476/449/476 342/369/342 514/370/514
f 469/516/469 468/541/468 420/506/420 480/515/480
f 536/563/536 448/564/448 478/474/478 537/475/537
f 419/538/419 421/537/421 468/541/468 469/516/469
f 434/517/434 481/566/481 483/565/483 433/539/433
f 448/564/448 481/566/481 479/562/479 478/474/478
f 522/501/522 536/563/536 398/439/398 399/432/399
f 435/511/435 483/565/483 482/567/482 411/484/411
f 483/565/483 481/566/481 448/564/448 482/567/482
f 440/486/440 417/513/417 427/503/427 428/504/428
f 429/510/429 435/511/435 440/486/440 428/504/428
f 419/538/419 435/511/435 429/510/429 426/514/426
f 419/538/419 433/539/433 483/565/483 435/511/435
f 455/518/455 479/562/479 481/566/481 434/517/434
f 431/507/431 449/496/449 479/562/479 455/518/455
f 432/508/432 447/497/447 449/496/449 431/507/431
f 488/568/488 446/527/446 447/497/447 432/508/432
f 414/535/414 488/568/488 432/508/432 416/505/416
f 484/569/484 413/489/413 415/490/415 417/513/417
f 418/494/418 485/570/485 443/530/443 444/493/444
f 437/525/437 486/571/486 485/570/485 418/494/418
f 486/571/486 442/531/442 443/530/443 485/570/485
f 438/526/438 487/572/487 486/571/486 437/525/437
f 484/569/484 487/572/487 438/526/438 413/489/413
f 487/572/487 441/532/441 442/531/442 486/571/486
f 484/569/484 439/487/439 441/532/441 487/572/487
f 417/513/417 440/486/440 439/487/439 484/569/484
f 457/523/457 488/568/488 414/535/414 458/520/458
f 445/528/445 489/573/489 452/524/452 459/533/459
f 489/573/489 488/568/488 457/523/457 452/524/452
f 488/568/488 489/573/489 445/528/445 446/527/446
f 543/574/543 490/367/490 493/372/493 544/390/544
f 545/575/545 514/370/514 490/367/490 543/574/543
f 544/390/544 493/372/493 497/576/497 546/389/546
g Group
f 547/376/547 508/578/508 499/577/499 548/375/548
g off
f 549/438/549 512/579/512 501/443/501 550/437/550
f 550/437/550 501/443/501 503/444/503 551/386/551
f 551/386/551 503/444/503 505/555/505 552/385/552
g Group
f 548/375/548 499/577/499 507/580/507 553/556/553
g off
f 554/581/554 516/582/516 508/578/508 547/376/547
f 555/583/555 491/440/491 517/455/517 556/584/556
f 555/583/555 495/448/495 514/370/514 545/575/545
f 546/389/546 497/576/497 516/582/516 554/581/554
f 557/585/557 518/586/518 512/579/512 549/438/549
f 558/587/558 509/400/509 492/445/492 553/556/553
f 558/587/558 520/588/520 518/586/518 557/585/557
g Group
f 553/556/553 507/580/507 520/588/520 558/587/558
g off
f 490/367/490 339/368/339 305/321/305 304/322/304
f 482/567/482 448/564/448 536/563/536 522/501/522
f 398/439/398 536/563/536 537/475/537 477/457/477
f 460/399/460 535/460/535 527/536/527 393/446/393
f 393/446/393 527/536/527 526/470/526 392/378/392
f 397/456/397 531/472/531 530/480/530 396/458/396
f 402/466/402 412/485/412 533/482/533 523/465/523
f 482/567/482 522/501/522 532/483/532 411/484/411
f 401/451/401 533/482/533 532/483/532 400/433/400
f 396/458/396 530/480/530 529/478/529 395/454/395
f 395/454/395 529/478/529 528/477/528 394/381/394
f 450/380/450 394/381/394 528/477/528 534/463/534
f 397/456/397 477/457/477 537/475/537 531/472/531
f 392/378/392 526/470/526 525/468/525 391/379/391
f 391/379/391 525/468/525 524/464/524 390/452/390
f 390/452/390 524/464/524 523/465/523 389/459/389
f 460/399/460 450/380/450 534/463/534 535/460/535
f 538/589/538 338/371/338 343/373/343 344/557/344
f 538/589/538 332/361/332 320/339/320 338/371/338
f 538/589/538 337/366/337 331/360/331 332/361/332
f 345/558/345 337/366/337 538/589/538 344/557/344
f 325/350/325 539/591/539 1310/590/1310 1296/351/1296
f 335/364/335 540/592/540 539/591/539 325/350/325
f 336/365/336 541/593/541 540/592/540 335/364/335
f 542/594/542 340/560/340 1300/561/1300 1311/595/1311
f 345/558/345 336/365/336 334/363/334 337/366/337
f 341/559/341 541/593/541 336/365/336 345/558/345
f 539/591/539 542/594/542 1311/595/1311 1310/590/1310
f 541/593/541 542/594/542 539/591/539 540/592/540
f 341/559/341 340/560/340 542/594/542 541/593/541
f 554/581/554 515/453/515 502/388/502 546/389/546
f 510/447/510 556/584/556 552/385/552 505/555/505
f 556/584/556 517/455/517 494/384/494 552/385/552
f 543/574/543 521/434/521 519/435/519 545/575/545
f 557/585/557 506/383/506 509/400/509 558/587/558
f 495/448/495 555/583/555 556/584/556 510/447/510
f 545/575/545 519/435/519 491/440/491 555/583/555
f 549/438/549 511/382/511 506/383/506 557/585/557
f 547/376/547 513/377/513 515/453/515 554/581/554
f 504/391/504 521/434/521 543/574/543 544/390/544
f 389/459/389 401/451/401 504/391/504 502/388/502
f 605/596/605 613/598/613 750/597/750
f 595/599/595 603/602/603 602/601/602 594/600/594
f 565/603/565 596/605/596 595/599/595 564/604/564
f 577/606/577 570/609/570 571/608/571 576/607/576
f 604/610/604 612/612/612 611/611/611 603/602/603
f 559/613/559 590/616/590 597/615/597 589/614/589
f 581/617/581 566/620/566 567/619/567 580/618/580
f 598/621/598 606/622/606 613/598/613 605/596/605
f 602/601/602 610/625/610 609/624/609 601/623/601
f 576/607/576 571/608/571 572/627/572 575/626/575
f 601/623/601 609/624/609 608/629/608 600/628/600
f 561/630/561 592/633/592 591/632/591 560/631/560
f 563/634/563 594/600/594 593/636/593 562/635/562
f 580/618/580 567/619/567 568/638/568 579/637/579
f 575/626/575 572/627/572 573/640/573 574/639/574
f 603/602/603 611/611/611 610/625/610 602/601/602
f 599/641/599 607/642/607 606/622/606 598/621/598
f 564/604/564 595/599/595 594/600/594 563/634/563
f 579/637/579 568/638/568 569/644/569 578/643/578
f 562/635/562 593/636/593 592/633/592 561/630/561
f 574/639/574 573/640/573 750/597/750
f 560/631/560 591/632/591 590/616/590 559/613/559
f 588/645/588 574/639/574 750/597/750
f 591/632/591 599/641/599 598/621/598 590/616/590
f 589/614/589 597/615/597 750/597/750
f 596/605/596 604/610/604 603/602/603 595/599/595
f 568/638/568 563/634/563 562/635/562 569/644/569
f 584/646/584 579/637/579 578/643/578 585/647/585
f 572/627/572 559/613/559 589/614/589 573/640/573
f 587/648/587 575/626/575 574/639/574 588/645/588
f 593/636/593 601/623/601 600/628/600 592/633/592
f 592/633/592 600/628/600 599/641/599 591/632/591
f 567/619/567 564/604/564 563/634/563 568/638/568
f 583/649/583 580/618/580 579/637/579 584/646/584
f 571/608/571 560/631/560 559/613/559 572/627/572
f 586/650/586 576/607/576 575/626/575 587/648/587
f 590/616/590 598/621/598 605/596/605 597/615/597
f 566/620/566 565/603/565 564/604/564 567/619/567
f 582/651/582 581/617/581 580/618/580 583/649/583
f 594/600/594 602/601/602 601/623/601 593/636/593
f 570/609/570 561/630/561 560/631/560 571/608/571
f 815/652/815 577/606/577 576/607/576 586/650/586
f 597/615/597 605/596/605 750/597/750
f 569/644/569 562/635/562 561/630/561 570/609/570
f 585/647/585 578/643/578 577/606/577 815/652/815
f 578/643/578 569/644/569 570/609/570 577/606/577
f 600/628/600 608/629/608 607/642/607 599/641/599
f 573/640/573 589/614/589 750/597/750
f 609/624/609 617/654/617 616/653/616 608/629/608
f 610/625/610 618/655/618 617/654/617 609/624/609
f 606/622/606 614/657/614 621/656/621 613/598/613
f 608/629/608 616/653/616 615/658/615 607/642/607
f 612/612/612 620/660/620 619/659/619 611/611/611
f 613/598/613 621/656/621 750/597/750
f 607/642/607 615/658/615 614/657/614 606/622/606
f 611/611/611 619/659/619 618/655/618 610/625/610
f 621/656/621 629/661/629 750/597/750
f 615/658/615 623/663/623 622/662/622 614/657/614
f 619/659/619 627/665/627 626/664/626 618/655/618
f 617/654/617 625/667/625 624/666/624 616/653/616
f 618/655/618 626/664/626 625/667/625 617/654/617
f 614/657/614 622/662/622 629/661/629 621/656/621
f 616/653/616 624/666/624 623/663/623 615/658/615
f 620/660/620 628/668/628 627/665/627 619/659/619
f 625/667/625 633/670/633 632/669/632 624/666/624
f 626/664/626 634/671/634 633/670/633 625/667/625
f 622/662/622 630/673/630 637/672/637 629/661/629
f 624/666/624 632/669/632 631/674/631 623/663/623
f 628/668/628 636/676/636 635/675/635 627/665/627
f 629/661/629 637/672/637 750/597/750
f 623/663/623 631/674/631 630/673/630 622/662/622
f 627/665/627 635/675/635 634/671/634 626/664/626
f 637/672/637 645/677/645 750/597/750
f 631/674/631 639/679/639 638/678/638 630/673/630
f 635/675/635 643/681/643 642/680/642 634/671/634
f 633/670/633 641/683/641 640/682/640 632/669/632
f 634/671/634 642/680/642 641/683/641 633/670/633
f 630/673/630 638/678/638 645/677/645 637/672/637
f 632/669/632 640/682/640 639/679/639 631/674/631
f 636/676/636 644/684/644 643/681/643 635/675/635
f 642/680/642 650/686/650 649/685/649 641/683/641
f 638/678/638 646/688/646 653/687/653 645/677/645
f 640/682/640 648/690/648 647/689/647 639/679/639
f 644/684/644 652/692/652 651/691/651 643/681/643
f 645/677/645 653/687/653 750/597/750
f 639/679/639 647/689/647 646/688/646 638/678/638
f 643/681/643 651/691/651 650/686/650 642/680/642
f 641/683/641 649/685/649 648/690/648 640/682/640
f 653/687/653 661/693/661 750/597/750
f 647/689/647 655/695/655 654/694/654 646/688/646
f 651/691/651 659/697/659 658/696/658 650/686/650
f 649/685/649 657/699/657 656/698/656 648/690/648
f 650/686/650 658/696/658 657/699/657 649/685/649
f 646/688/646 654/694/654 661/693/661 653/687/653
f 648/690/648 656/698/656 655/695/655 647/689/647
f 652/692/652 660/700/660 659/697/659 651/691/651
f 654/694/654 662/702/662 669/701/669 661/693/661
f 656/698/656 664/704/664 663/703/663 655/695/655
f 660/700/660 668/706/668 667/705/667 659/697/659
f 661/693/661 669/701/669 750/597/750
f 655/695/655 663/703/663 662/702/662 654/694/654
f 659/697/659 667/705/667 666/707/666 658/696/658
f 657/699/657 665/708/665 664/704/664 656/698/656
f 658/696/658 666/707/666 665/708/665 657/699/657
f 663/703/663 671/710/671 670/709/670 662/702/662
f 667/705/667 675/712/675 674/711/674 666/707/666
f 665/708/665 673/714/673 672/713/672 664/704/664
f 666/707/666 674/711/674 673/714/673 665/708/665
f 662/702/662 670/709/670 677/715/677 669/701/669
f 664/704/664 672/713/672 671/710/671 663/703/663
f 668/706/668 676/716/676 675/712/675 667/705/667
f 669/701/669 677/715/677 750/597/750
f 672/713/672 680/718/680 679/717/679 671/710/671
f 676/716/676 684/720/684 683/719/683 675/712/675
f 677/715/677 685/721/685 750/597/750
f 671/710/671 679/717/679 678/722/678 670/709/670
f 675/712/675 683/719/683 682/723/682 674/711/674
f 673/714/673 681/724/681 680/718/680 672/713/672
f 674/711/674 682/723/682 681/724/681 673/714/673
f 670/709/670 678/722/678 685/721/685 677/715/677
f 683/719/683 691/726/691 690/725/690 682/723/682
f 681/724/681 689/728/689 688/727/688 680/718/680
f 682/723/682 690/725/690 689/728/689 681/724/681
f 678/722/678 686/730/686 693/729/693 685/721/685
f 680/718/680 688/727/688 687/731/687 679/717/679
f 684/720/684 692/732/692 691/726/691 683/719/683
f 685/721/685 693/729/693 750/597/750
f 679/717/679 687/731/687 686/730/686 678/722/678
f 692/732/692 700/734/700 699/733/699 691/726/691
f 693/729/693 701/735/701 750/597/750
f 687/731/687 695/737/695 694/736/694 686/730/686
f 691/726/691 699/733/699 698/738/698 690/725/690
f 689/728/689 697/740/697 696/739/696 688/727/688
f 690/725/690 698/738/698 697/740/697 689/728/689
f 686/730/686 694/736/694 701/735/701 693/729/693
f 688/727/688 696/739/696 695/737/695 687/731/687
f 699/733/699 707/742/707 706/741/706 698/738/698
f 697/740/697 705/744/705 704/743/704 696/739/696
f 698/738/698 706/741/706 705/744/705 697/740/697
f 694/736/694 702/746/702 709/745/709 701/735/701
f 696/739/696 704/743/704 703/747/703 695/737/695
f 700/734/700 708/748/708 707/742/707 699/733/699
f 701/735/701 709/745/709 750/597/750
f 695/737/695 703/747/703 702/746/702 694/736/694
f 708/748/708 716/750/716 715/749/715 707/742/707
f 709/745/709 717/751/717 750/597/750
f 703/747/703 711/753/711 710/752/710 702/746/702
f 707/742/707 715/749/715 714/754/714 706/741/706
f 705/744/705 713/756/713 712/755/712 704/743/704
f 706/741/706 714/754/714 713/756/713 705/744/705
f 702/746/702 710/752/710 717/751/717 709/745/709
f 704/743/704 712/755/712 711/753/711 703/747/703
f 713/756/713 721/758/721 720/757/720 712/755/712
f 714/754/714 722/759/722 721/758/721 713/756/713
f 710/752/710 718/761/718 725/760/725 717/751/717
f 712/755/712 720/757/720 719/762/719 711/753/711
f 716/750/716 724/764/724 723/763/723 715/749/715
f 717/751/717 725/760/725 750/597/750
f 711/753/711 719/762/719 718/761/718 710/752/710
f 715/749/715 723/763/723 722/759/722 714/754/714
f 725/760/725 733/765/733 750/597/750
f 719/762/719 727/767/727 726/766/726 718/761/718
f 723/763/723 731/769/731 730/768/730 722/759/722
f 721/758/721 729/771/729 728/770/728 720/757/720
f 722/759/722 730/768/730 729/771/729 721/758/721
f 718/761/718 726/766/726 733/765/733 725/760/725
f 720/757/720 728/770/728 727/767/727 719/762/719
f 724/764/724 732/772/732 731/769/731 723/763/723
f 729/771/729 737/774/737 736/773/736 728/770/728
f 730/768/730 738/775/738 737/774/737 729/771/729
f 726/766/726 734/777/734 741/776/741 733/765/733
f 728/770/728 736/773/736 735/778/735 727/767/727
f 732/772/732 740/780/740 739/779/739 731/769/731
f 733/765/733 741/776/741 750/597/750
f 727/767/727 735/778/735 734/777/734 726/766/726
f 731/769/731 739/779/739 738/775/738 730/768/730
f 741/776/741 749/781/749 750/597/750
f 735/778/735 743/783/743 742/782/742 734/777/734
f 739/779/739 747/785/747 746/784/746 738/775/738
f 737/774/737 745/787/745 744/786/744 736/773/736
f 738/775/738 746/784/746 745/787/745 737/774/737
f 734/777/734 742/782/742 749/781/749 741/776/741
f 736/773/736 744/786/744 743/783/743 735/778/735
f 740/780/740 748/788/748 747/785/747 739/779/739
f 746/784/746 755/790/755 754/789/754 745/787/745
f 742/782/742 751/792/751 758/791/758 749/781/749
f 744/786/744 753/794/753 752/793/752 743/783/743
f 748/788/748 757/796/757 756/795/756 747/785/747
f 749/781/749 758/791/758 750/597/750
f 743/783/743 752/793/752 751/792/751 742/782/742
f 747/785/747 756/795/756 755/790/755 746/784/746
f 745/787/745 754/789/754 753/794/753 744/786/744
f 752/793/752 760/798/760 759/797/759 751/792/751
f 756/795/756 764/800/764 763/799/763 755/790/755
f 754/789/754 762/802/762 761/801/761 753/794/753
f 755/790/755 763/799/763 762/802/762 754/789/754
f 751/792/751 759/797/759 766/803/766 758/791/758
f 753/794/753 761/801/761 760/798/760 752/793/752
f 757/796/757 765/804/765 764/800/764 756/795/756
f 758/791/758 766/803/766 750/597/750
f 761/801/761 769/806/769 768/805/768 760/798/760
f 765/804/765 773/808/773 772/807/772 764/800/764
f 766/803/766 774/809/774 750/597/750
f 760/798/760 768/805/768 767/810/767 759/797/759
f 764/800/764 772/807/772 771/811/771 763/799/763
f 762/802/762 770/812/770 769/806/769 761/801/761
f 763/799/763 771/811/771 770/812/770 762/802/762
f 759/797/759 767/810/767 774/809/774 766/803/766
f 768/805/768 776/814/776 775/813/775 767/810/767
f 772/807/772 780/816/780 779/815/779 771/811/771
f 770/812/770 778/818/778 777/817/777 769/806/769
f 771/811/771 779/815/779 778/818/778 770/812/770
f 767/810/767 775/813/775 782/819/782 774/809/774
f 769/806/769 777/817/777 776/814/776 768/805/768
f 773/808/773 781/820/781 780/816/780 772/807/772
f 774/809/774 782/819/782 750/597/750
f 777/817/777 785/822/785 784/821/784 776/814/776
f 781/820/781 789/824/789 788/823/788 780/816/780
f 782/819/782 790/825/790 750/597/750
f 776/814/776 784/821/784 783/826/783 775/813/775
f 780/816/780 788/823/788 787/827/787 779/815/779
f 778/818/778 786/828/786 785/822/785 777/817/777
f 779/815/779 787/827/787 786/828/786 778/818/778
f 775/813/775 783/826/783 790/825/790 782/819/782
f 788/823/788 796/830/796 795/829/795 787/827/787
f 786/828/786 794/832/794 793/831/793 785/822/785
f 787/827/787 795/829/795 794/832/794 786/828/786
f 783/826/783 791/834/791 798/833/798 790/825/790
f 785/822/785 793/831/793 792/835/792 784/821/784
f 789/824/789 797/836/797 796/830/796 788/823/788
f 790/825/790 798/833/798 750/597/750
f 784/821/784 792/835/792 791/834/791 783/826/783
f 797/836/797 805/838/805 804/837/804 796/830/796
f 798/833/798 806/839/806 750/597/750
f 792/835/792 800/841/800 799/840/799 791/834/791
f 796/830/796 804/837/804 803/842/803 795/829/795
f 794/832/794 802/844/802 801/843/801 793/831/793
f 795/829/795 803/842/803 802/844/802 794/832/794
f 791/834/791 799/840/799 806/839/806 798/833/798
f 793/831/793 801/843/801 800/841/800 792/835/792
f 804/837/804 812/846/812 811/845/811 803/842/803
f 802/844/802 810/848/810 809/847/809 801/843/801
f 803/842/803 811/845/811 810/848/810 802/844/802
f 799/840/799 807/850/807 814/849/814 806/839/806
f 801/843/801 809/847/809 808/851/808 800/841/800
f 805/838/805 813/852/813 812/846/812 804/837/804
f 806/839/806 814/849/814 750/597/750
f 800/841/800 808/851/808 807/850/807 799/840/799
f 814/849/814 588/645/588 750/597/750
f 808/851/808 586/650/586 587/648/587 807/850/807
f 812/846/812 583/649/583 584/646/584 811/845/811
f 810/848/810 585/647/585 815/652/815 809/847/809
f 811/845/811 584/646/584 585/647/585 810/848/810
f 807/850/807 587/648/587 588/645/588 814/849/814
f 809/847/809 815/652/815 586/650/586 808/851/808
f 813/852/813 582/651/582 583/649/583 812/846/812
f 1279/100/1279 824/854/824 825/853/825 1280/103/1280
f 825/853/825 824/854/824 826/856/826 828/855/828
f 829/857/829 828/855/828 826/856/826 827/858/827
f 825/853/825 828/855/828 830/860/830 835/859/835
f 836/861/836 835/859/835 830/860/830 831/862/831
f 837/863/837 836/861/836 831/862/831 832/864/832
f 838/865/838 837/863/837 832/864/832 833/866/833
f 839/867/839 838/865/838 833/866/833 834/868/834
f 840/869/840 830/860/830 828/855/828 829/857/829
f 831/862/831 830/860/830 840/869/840 841/870/841
f 832/864/832 831/862/831 841/870/841 842/871/842
f 833/866/833 832/864/832 842/871/842 843/872/843
f 834/868/834 833/866/833 843/872/843 844/873/844
f 824/854/824 1279/100/1279 1281/123/1281 845/874/845
f 860/875/860 854/878/854 853/877/853 849/876/849
f 847/879/847 846/880/846 1283/131/1283 1284/132/1284
f 848/881/848 847/879/847 1284/132/1284 1282/134/1282
f 826/856/826 824/854/824 845/874/845 849/876/849
f 851/882/851 850/883/850 846/880/846 847/879/847
f 852/884/852 851/882/851 847/879/847 848/881/848
f 827/858/827 826/856/826 849/876/849 853/877/853
f 855/885/855 854/878/854 860/875/860 861/886/861
f 856/887/856 855/885/855 861/886/861 862/888/862
f 857/889/857 856/887/856 862/888/862 863/890/863
f 858/891/858 857/889/857 863/890/863 864/892/864
f 859/893/859 858/891/858 864/892/864 865/894/865
f 834/868/834 844/873/844 866/896/866 869/895/869
f 839/867/839 834/868/834 869/895/869 870/897/870
f 871/898/871 869/895/869 866/896/866 868/899/868
f 870/897/870 869/895/869 871/898/871 872/900/872
f 873/901/873 871/898/871 868/899/868 867/902/867
f 873/901/873 867/902/867 859/893/859 865/894/865
f 872/900/872 871/898/871 873/901/873 874/903/874
f 875/904/875 874/903/874 873/901/873 865/894/865
f 876/905/876 875/904/875 865/894/865 864/892/864
f 877/906/877 876/905/876 864/892/864 863/890/863
f 878/907/878 877/906/877 863/890/863 862/888/862
f 879/908/879 878/907/878 862/888/862 861/886/861
f 880/909/880 879/908/879 861/886/861 860/875/860
f 881/910/881 880/909/880 850/883/850 851/882/851
f 879/908/879 880/909/880 881/910/881 882/911/882
f 827/858/827 853/877/853 883/913/883 884/912/884
f 829/857/829 827/858/827 884/912/884 885/914/885
f 840/869/840 829/857/829 885/914/885 886/915/886
f 841/870/841 840/869/840 886/915/886 887/916/887
f 842/871/842 841/870/841 887/916/887 888/917/888
f 843/872/843 842/871/842 888/917/888 889/918/889
f 844/873/844 843/872/843 889/918/889 890/919/890
f 866/896/866 844/873/844 890/919/890 891/920/891
f 868/899/868 866/896/866 891/920/891 892/921/892
f 867/902/867 868/899/868 892/921/892 893/922/893
f 859/893/859 867/902/867 893/922/893 894/923/894
f 858/891/858 859/893/859 894/923/894 895/924/895
f 857/889/857 858/891/858 895/924/895 896/925/896
f 856/887/856 857/889/857 896/925/896 897/926/897
f 855/885/855 856/887/856 897/926/897 898/927/898
f 854/878/854 855/885/855 898/927/898 899/928/899
f 884/912/884 883/913/883 900/930/900 901/929/901
f 885/914/885 884/912/884 901/929/901 902/931/902
f 886/915/886 885/914/885 902/931/902 903/932/903
f 899/928/899 904/933/904 900/930/900 883/913/883
f 905/934/905 904/933/904 899/928/899 898/927/898
f 906/935/906 905/934/905 898/927/898 897/926/897
f 907/936/907 906/935/906 897/926/897 896/925/896
f 908/937/908 907/936/907 896/925/896 895/924/895
f 909/938/909 908/937/908 895/924/895 894/923/894
f 910/939/910 909/938/909 894/923/894 893/922/893
f 911/940/911 910/939/910 893/922/893 892/921/892
f 912/941/912 911/940/911 892/921/892 891/920/891
f 913/942/913 912/941/912 891/920/891 890/919/890
f 914/943/914 913/942/913 890/919/890 889/918/889
f 915/944/915 914/943/914 889/918/889 888/917/888
f 916/945/916 915/944/915 888/917/888 887/916/887
f 916/945/916 887/916/887 886/915/886 903/932/903
f 901/929/901 900/930/900 904/933/904 918/946/918
f 917/947/917 902/931/902 901/929/901 918/946/918
f 918/946/918 904/933/904 905/934/905 917/947/917
f 854/878/854 899/928/899 883/913/883 853/877/853
f 846/880/846 845/874/845 1281/123/1281 1283/131/1283
f 850/883/850 880/909/880 860/875/860 849/876/849
f 846/880/846 850/883/850 849/876/849 845/874/845
f 921/948/921 948/950/948 919/949/919
f 924/951/924 922/952/922 919/949/919
f 926/953/926 924/951/924 919/949/919
f 928/954/928 926/953/926 919/949/919
f 930/955/930 928/954/928 919/949/919
f 932/956/932 930/955/930 919/949/919
f 934/957/934 932/956/932 919/949/919
f 936/958/936 934/957/934 919/949/919
f 938/959/938 936/958/936 919/949/919
f 940/960/940 938/959/938 919/949/919
f 942/961/942 940/960/940 919/949/919
f 944/962/944 942/961/942 919/949/919
f 946/963/946 944/962/944 919/949/919
f 948/950/948 946/963/946 919/949/919
f 903/932/903 902/931/902 920/965/920 923/964/923
f 906/935/906 907/936/907 943/967/943 945/966/945
f 913/942/913 914/943/914 929/969/929 931/968/931
f 909/938/909 910/939/910 937/971/937 939/970/939
f 905/934/905 906/935/906 945/966/945 947/972/947
f 916/945/916 903/932/903 923/964/923 925/973/925
f 912/941/912 913/942/913 931/968/931 933/974/933
f 908/937/908 909/938/909 939/970/939 941/975/941
f 917/947/917 905/934/905 947/972/947 949/976/949
f 915/944/915 916/945/916 925/973/925 927/977/927
f 911/940/911 912/941/912 933/974/933 935/978/935
f 907/936/907 908/937/908 941/975/941 943/967/943
f 914/943/914 915/944/915 927/977/927 929/969/929
f 910/939/910 911/940/911 935/978/935 937/971/937
f 922/952/922 921/948/921 919/949/919
f 921/948/921 922/952/922 923/964/923 920/965/920
f 922/952/922 924/951/924 925/973/925 923/964/923
f 924/951/924 926/953/926 927/977/927 925/973/925
f 926/953/926 928/954/928 929/969/929 927/977/927
f 928/954/928 930/955/930 931/968/931 929/969/929
f 930/955/930 932/956/932 933/974/933 931/968/931
f 932/956/932 934/957/934 935/978/935 933/974/933
f 934/957/934 936/958/936 937/971/937 935/978/935
f 936/958/936 938/959/938 939/970/939 937/971/937
f 938/959/938 940/960/940 941/975/941 939/970/939
f 940/960/940 942/961/942 943/967/943 941/975/941
f 942/961/942 944/962/944 945/966/945 943/967/943
f 944/962/944 946/963/946 947/972/947 945/966/945
f 946/963/946 948/950/948 949/976/949 947/972/947
f 948/950/948 921/948/921 920/965/920 949/976/949
f 920/965/920 902/931/902 917/947/917 949/976/949
f 950/979/950 881/910/881 851/882/851 852/884/852
f 882/911/882 881/910/881 950/979/950 951/980/951
f 882/911/882 951/980/951 955/982/955 956/981/956
f 879/908/879 882/911/882 956/981/956 957/983/957
f 950/979/950 852/884/852 952/985/952 958/984/958
f 959/986/959 958/984/958 952/985/952 953/987/953
f 960/988/960 959/986/959 953/987/953 954/989/954
f 951/980/951 950/979/950 958/984/958 961/990/961
f 962/991/962 961/990/961 958/984/958 959/986/959
f 963/992/963 962/991/962 959/986/959 960/988/960
f 955/982/955 951/980/951 961/990/961 964/993/964
f 966/994/966 964/993/964 961/990/961 962/991/962
f 966/994/966 962/991/962 963/992/963 965/995/965
f 956/981/956 955/982/955 964/993/964 967/996/967
f 968/997/968 967/996/967 964/993/964 966/994/966
f 969/998/969 968/997/968 966/994/966 965/995/965
f 957/983/957 956/981/956 967/996/967 970/999/970
f 971/1000/971 970/999/970 967/996/967 968/997/968
f 972/1001/972 971/1000/971 968/997/968 969/998/969
f 973/1002/973 952/985/952 852/884/852 848/881/848
f 1285/256/1285 973/1002/973 848/881/848 1282/134/1282
f 953/987/953 952/985/952 973/1002/973 974/1003/974
f 1286/258/1286 974/1003/974 973/1002/973 1285/256/1285
f 954/989/954 953/987/953 974/1003/974 975/1004/975
f 1287/260/1287 975/1004/975 974/1003/974 1286/258/1286
f 975/1004/975 1287/260/1287 1289/261/1289 976/1005/976
f 977/1006/977 976/1005/976 1289/261/1289 1290/264/1290
f 978/1007/978 977/1006/977 1290/264/1290 1288/266/1288
f 954/989/954 975/1004/975 976/1005/976 979/1008/979
f 980/1009/980 979/1008/979 976/1005/976 977/1006/977
f 981/1010/981 980/1009/980 977/1006/977 978/1007/978
f 960/988/960 954/989/954 983/1012/983 984/1011/984
f 963/992/963 960/988/960 984/1011/984 985/1013/985
f 965/995/965 963/992/963 985/1013/985 986/1014/986
f 969/998/969 965/995/965 986/1014/986 987/1015/987
f 982/1016/982 969/998/969 987/1015/987 988/1017/988
f 981/1010/981 982/1016/982 988/1017/988 989/1018/989
f 980/1009/980 981/1010/981 989/1018/989 990/1019/990
f 979/1008/979 980/1009/980 990/1019/990 991/1020/991
f 983/1012/983 954/989/954 979/1008/979 991/1020/991
f 991/1020/991 990/1019/990 992/1021/992
f 986/1014/986 985/1013/985 992/1021/992
f 988/1017/988 987/1015/987 992/1021/992
f 983/1012/983 991/1020/991 992/1021/992
f 990/1019/990 989/1018/989 992/1021/992
f 985/1013/985 984/1011/984 992/1021/992
f 987/1015/987 986/1014/986 992/1021/992
f 989/1018/989 988/1017/988 992/1021/992
f 984/1011/984 983/1012/983 992/1021/992
f 972/1001/972 969/998/969 982/1016/982 993/1022/993
f 993/1022/993 982/1016/982 981/1010/981 978/1007/978
f 978/1007/978 1288/266/1288 1291/282/1291 994/1023/994
f 993/1022/993 978/1007/978 994/1023/994 995/1024/995
f 972/1001/972 993/1022/993 995/1024/995 996/1025/996
f 971/1000/971 972/1001/972 996/1025/996 997/1026/997
f 970/999/970 971/1000/971 997/1026/997 998/1027/998
f 878/907/878 879/908/879 957/983/957 999/1028/999
f 999/1028/999 957/983/957 970/999/970 998/1027/998
f 877/906/877 878/907/878 999/1028/999 1000/1029/1000
f 876/905/876 877/906/877 1000/1029/1000 1001/1030/1001
f 875/904/875 876/905/876 1001/1030/1001 1002/1031/1002
f 874/903/874 875/904/875 1002/1031/1002 1003/1032/1003
f 872/900/872 874/903/874 1003/1032/1003 1004/1033/1004
f 870/897/870 872/900/872 1004/1033/1004 1005/1034/1005
f 839/867/839 870/897/870 1005/1034/1005 1006/1035/1006
f 838/865/838 839/867/839 1006/1035/1006 1007/1036/1007
f 837/863/837 838/865/838 1007/1036/1007 1008/1037/1008
f 836/861/836 837/863/837 1008/1037/1008 1009/1038/1009
f 835/859/835 836/861/836 1009/1038/1009 1010/1039/1010
f 825/853/825 835/859/835 1010/1039/1010 1011/1040/1011
f 1280/103/1280 825/853/825 1011/1040/1011 1292/301/1292
f 1075/1041/1075 1303/303/1303 1293/304/1293 1012/1042/1012
f 1076/1043/1076 1075/1041/1075 1012/1042/1012 1013/1044/1013
f 1077/1045/1077 1076/1043/1076 1013/1044/1013 1014/1046/1014
f 1078/1047/1078 1077/1045/1077 1014/1046/1014 1015/1048/1015
f 1079/1049/1079 1016/1050/1016 997/1026/997 1078/1047/1078
f 998/1027/998 997/1026/997 1016/1050/1016 1019/1051/1019
f 1000/1029/1000 999/1028/999 998/1027/998 1019/1051/1019
f 1001/1030/1001 1000/1029/1000 1019/1051/1019 1020/1052/1020
f 1079/1049/1079 1017/1055/1017 1018/1054/1018 1080/1053/1080
f 1020/1052/1020 1019/1051/1019 1016/1050/1016 1021/1056/1021
f 1002/1031/1002 1001/1030/1001 1020/1052/1020 1022/1057/1022
f 1024/1058/1024 1023/1059/1023 1002/1031/1002 1022/1057/1022
f 1003/1032/1003 1002/1031/1002 1023/1059/1023 1026/1060/1026
f 1004/1033/1004 1003/1032/1003 1026/1060/1026 1027/1061/1027
f 1005/1034/1005 1004/1033/1004 1027/1061/1027 1028/1062/1028
f 1080/1053/1080 1018/1054/1018 1029/1064/1029 1081/1063/1081
f 1082/1065/1082 1081/1063/1081 1029/1064/1029 1030/1066/1030
f 1083/1067/1083 1082/1065/1082 1030/1066/1030 1031/1068/1031
f 1084/1069/1084 1083/1067/1083 1031/1068/1031 1032/1070/1032
f 1085/1071/1085 1084/1069/1084 1032/1070/1032 1033/1072/1033
f 1304/336/1304 1085/1071/1085 1033/1072/1033 1294/337/1294
f 1025/1073/1025 1022/1057/1022 1020/1052/1020 1021/1056/1021
f 1024/1058/1024 1022/1057/1022 1025/1073/1025 1039/1074/1039
f 1025/1073/1025 1021/1056/1021 1034/1076/1034 1040/1075/1040
f 1038/1077/1038 1295/343/1295 1299/344/1299 1041/1078/1041
f 1042/1079/1042 1041/1078/1041 1299/344/1299 1297/347/1297
f 1043/1080/1043 1042/1079/1042 1297/347/1297 1298/349/1298
f 1044/1081/1044 1043/1080/1043 1298/349/1298 1296/351/1296
f 1037/1082/1037 1038/1077/1038 1041/1078/1041 1045/1083/1045
f 1036/1084/1036 1037/1082/1037 1045/1083/1045 1046/1085/1046
f 1035/1086/1035 1036/1084/1036 1046/1085/1046 1047/1087/1047
f 1040/1075/1040 1034/1076/1034 1035/1086/1035 1047/1087/1047
f 1048/1088/1048 1045/1083/1045 1041/1078/1041 1042/1079/1042
f 1046/1085/1046 1045/1083/1045 1048/1088/1048 1049/1089/1049
f 1047/1087/1047 1046/1085/1046 1049/1089/1049 1050/1090/1050
f 1040/1075/1040 1047/1087/1047 1050/1090/1050 1051/1091/1051
f 1039/1074/1039 1025/1073/1025 1040/1075/1040 1051/1091/1051
f 1052/1092/1052 1048/1088/1048 1042/1079/1042 1043/1080/1043
f 1049/1089/1049 1048/1088/1048 1052/1092/1052 1053/1093/1053
f 1054/1094/1054 1052/1092/1052 1043/1080/1043 1044/1081/1044
f 1053/1093/1053 1052/1092/1052 1054/1094/1054 1055/1095/1055
f 1050/1090/1050 1049/1089/1049 1053/1093/1053 1056/1096/1056
f 1209/1097/1209 1058/1100/1058 1061/1099/1061 1233/1098/1233
f 1024/1058/1024 1039/1074/1039 1057/1101/1057 1058/1100/1058
f 1026/1060/1026 1023/1059/1023 1209/1097/1209 1212/1102/1212
f 1062/1103/1062 1061/1099/1061 1058/1100/1058 1057/1101/1057
f 1219/1104/1219 1267/1107/1267 1266/1106/1266 1232/1105/1232
f 1111/1108/1111 1219/1104/1219 1232/1105/1232 1110/1109/1110
f 1169/1110/1169 1113/1113/1113 1230/1112/1230 1225/1111/1225
f 1213/1114/1213 1271/1117/1271 1270/1116/1270 1215/1115/1215
f 1221/1118/1221 1265/1121/1265 1263/1120/1263 1223/1119/1223
g Group
f 1006/1035/1006 1005/1034/1005 1028/1062/1028 1065/1122/1065
g off
f 1066/1123/1066 1301/394/1301 1292/301/1292 1011/1040/1011
f 1067/1124/1067 1066/1123/1066 1011/1040/1011 1010/1039/1010
f 1068/1125/1068 1067/1124/1067 1010/1039/1010 1009/1038/1009
f 1069/1126/1069 1068/1125/1068 1009/1038/1009 1008/1037/1008
f 1070/1127/1070 1069/1126/1069 1008/1037/1008 1007/1036/1007
g Group
f 1065/1122/1065 1070/1127/1070 1007/1036/1007 1006/1035/1006
g off
f 1179/1128/1179 1169/1110/1169 1225/1111/1225 1228/1129/1228
f 1086/1130/1086 1306/402/1306 1302/403/1302 1071/1131/1071
f 1088/1132/1088 1086/1130/1086 1071/1131/1071 1072/1133/1072
f 1090/1134/1090 1088/1132/1088 1072/1133/1072 1073/1135/1073
f 1092/1136/1092 1090/1134/1090 1073/1135/1073 1074/1137/1074
f 1096/1138/1096 1094/1139/1094 1092/1136/1092 1074/1137/1074
f 1295/343/1295 1038/1077/1038 1085/1071/1085 1304/336/1304
f 1038/1077/1038 1037/1082/1037 1084/1069/1084 1085/1071/1085
f 1037/1082/1037 1036/1084/1036 1083/1067/1083 1084/1069/1084
f 1036/1084/1036 1035/1086/1035 1082/1065/1082 1083/1067/1083
f 1035/1086/1035 1034/1076/1034 1081/1063/1081 1082/1065/1082
f 1021/1056/1021 1080/1053/1080 1081/1063/1081 1034/1076/1034
f 1016/1050/1016 1079/1049/1079 1080/1053/1080 1021/1056/1021
f 1017/1055/1017 1079/1049/1079 1078/1047/1078 1015/1048/1015
f 997/1026/997 996/1025/996 1077/1045/1077 1078/1047/1078
f 996/1025/996 995/1024/995 1076/1043/1076 1077/1045/1077
f 995/1024/995 994/1023/994 1075/1041/1075 1076/1043/1076
f 994/1023/994 1291/282/1291 1303/303/1303 1075/1041/1075
f 1098/1140/1098 1307/414/1307 1294/337/1294 1033/1072/1033
f 1100/1141/1100 1098/1140/1098 1033/1072/1033 1032/1070/1032
f 1102/1142/1102 1100/1141/1100 1032/1070/1032 1031/1068/1031
f 1104/1143/1104 1102/1142/1102 1031/1068/1031 1030/1066/1030
f 1106/1144/1106 1104/1143/1104 1030/1066/1030 1029/1064/1029
f 1097/1145/1097 1106/1144/1106 1029/1064/1029 1018/1054/1018
f 1096/1138/1096 1107/1146/1107 1106/1144/1106 1097/1145/1097
f 1107/1146/1107 1105/1147/1105 1104/1143/1104 1106/1144/1106
f 1074/1137/1074 1073/1135/1073 1103/1148/1103 1105/1147/1105
f 1105/1147/1105 1103/1148/1103 1102/1142/1102 1104/1143/1104
f 1073/1135/1073 1072/1133/1072 1101/1149/1101 1103/1148/1103
f 1103/1148/1103 1101/1149/1101 1100/1141/1100 1102/1142/1102
f 1072/1133/1072 1071/1131/1071 1099/1150/1099 1101/1149/1101
f 1101/1149/1101 1099/1150/1099 1098/1140/1098 1100/1141/1100
f 1071/1131/1071 1302/403/1302 1308/425/1308 1099/1150/1099
f 1099/1150/1099 1308/425/1308 1307/414/1307 1098/1140/1098
f 1018/1054/1018 1017/1055/1017 1095/1151/1095 1097/1145/1097
f 1097/1145/1097 1095/1151/1095 1094/1139/1094 1096/1138/1096
f 1017/1055/1017 1015/1048/1015 1093/1152/1093 1095/1151/1095
f 1095/1151/1095 1093/1152/1093 1092/1136/1092 1094/1139/1094
f 1015/1048/1015 1014/1046/1014 1091/1153/1091 1093/1152/1093
f 1093/1152/1093 1091/1153/1091 1090/1134/1090 1092/1136/1092
f 1014/1046/1014 1013/1044/1013 1089/1154/1089 1091/1153/1091
f 1091/1153/1091 1089/1154/1089 1088/1132/1088 1090/1134/1090
f 1013/1044/1013 1012/1042/1012 1087/1155/1087 1089/1154/1089
f 1089/1154/1089 1087/1155/1087 1086/1130/1086 1088/1132/1088
f 1012/1042/1012 1293/304/1293 1305/431/1305 1087/1155/1087
f 1087/1155/1087 1305/431/1305 1306/402/1306 1086/1130/1086
f 1107/1146/1107 1096/1138/1096 1074/1137/1074 1105/1147/1105
f 1118/1156/1118 1119/1159/1119 1240/1158/1240 1238/1157/1238
f 1217/1160/1217 1269/1162/1269 1268/1161/1268 1230/1112/1230
f 1215/1115/1215 1270/1116/1270 1269/1162/1269 1217/1160/1217
f 1117/1163/1117 1118/1156/1118 1238/1157/1238 1210/1164/1210
f 817/1165/817 1189/1168/1189 1220/1167/1220 1222/1166/1222
f 1228/1129/1228 1211/1170/1211 1112/1169/1112 1179/1128/1179
f 1229/1171/1229 1214/1174/1214 1195/1173/1195 818/1172/818
f 1119/1159/1119 1120/1175/1120 1223/1119/1223 1240/1158/1240
f 1109/1176/1109 1110/1109/1110 1232/1105/1232 1234/1177/1234
f 1112/1169/1112 1211/1170/1211 1219/1104/1219 1111/1108/1111
f 1114/1178/1114 1217/1160/1217 1230/1112/1230 1113/1113/1113
f 1236/1179/1236 1213/1114/1213 1116/1181/1116 1196/1180/1196
f 1115/1182/1115 1215/1115/1215 1217/1160/1217 1114/1178/1114
f 1116/1181/1116 1213/1114/1213 1215/1115/1215 1115/1182/1115
f 1196/1180/1196 1117/1163/1117 1210/1164/1210 1236/1179/1236
f 1234/1177/1234 1221/1118/1221 1108/1183/1108 1109/1176/1109
f 1254/1184/1254 1180/1187/1180 1170/1186/1170 1253/1185/1253
f 1243/1188/1243 1242/1191/1242 1121/1190/1121 1122/1189/1122
f 1244/1192/1244 1243/1188/1243 1122/1189/1122 1123/1193/1123
f 1245/1194/1245 1244/1192/1244 1123/1193/1123 1124/1195/1124
f 1250/1196/1250 1129/1199/1129 1197/1198/1197 1256/1197/1256
f 1253/1185/1253 1170/1186/1170 1126/1201/1126 1247/1200/1247
f 1248/1202/1248 1247/1200/1247 1126/1201/1126 1127/1203/1127
f 1249/1204/1249 1248/1202/1248 1127/1203/1127 1128/1205/1128
f 1252/1206/1252 1251/1209/1251 1130/1208/1130 1131/1207/1131
f 1159/1210/1159 1158/1211/1158 1121/1190/1121 1131/1207/1131
f 1182/1212/1182 1132/1215/1132 1134/1214/1134 1141/1213/1141
f 1185/1216/1185 1163/1219/1163 1137/1218/1137 1181/1217/1181
f 1168/1220/1168 1129/1199/1129 1128/1205/1128 1166/1221/1166
f 1172/1222/1172 1141/1213/1141 1142/1224/1142 1173/1223/1173
f 1241/1225/1241 1251/1209/1251 1119/1159/1119 1118/1156/1118
f 1149/1226/1149 1146/1228/1146 1147/1227/1147
f 1135/1229/1135 1139/1232/1139 1150/1231/1150 1151/1230/1151
f 1143/1233/1143 1146/1228/1146 1149/1226/1149
f 1142/1224/1142 1143/1233/1143 1149/1226/1149
f 1147/1227/1147 1148/1234/1148 1149/1226/1149
f 1154/1235/1154 1159/1210/1159 1131/1207/1131 1130/1208/1130
f 1144/1236/1144 1173/1223/1173 1149/1226/1149
f 1146/1228/1146 1143/1233/1143 1134/1214/1134 1136/1237/1136
f 1144/1236/1144 1149/1226/1149 1145/1238/1145
f 1199/1239/1199 1188/1242/1188 1153/1241/1153 1174/1240/1174
f 1148/1234/1148 1145/1238/1145 1149/1226/1149
f 1139/1232/1139 1199/1239/1199 1174/1240/1174 1150/1231/1150
f 1242/1191/1242 1108/1183/1108 1120/1175/1120 1252/1206/1252
f 1175/1243/1175 1177/1245/1177 1183/1244/1183 1182/1212/1182
f 1181/1217/1181 1184/1248/1184 1176/1247/1176 1171/1246/1171
f 1184/1248/1184 1181/1217/1181 1137/1218/1137 1156/1249/1156
f 1183/1244/1183 1184/1248/1184 1156/1249/1156 1157/1250/1157
f 1182/1212/1182 1183/1244/1183 1157/1250/1157 1132/1215/1132
f 1250/1196/1250 1249/1204/1249 1128/1205/1128 1129/1199/1129
f 1128/1205/1128 1127/1203/1127 1165/1251/1165 1166/1221/1166
f 1127/1203/1127 1126/1201/1126 1164/1252/1164 1165/1251/1165
f 1180/1187/1180 1125/1253/1125 1163/1219/1163 1185/1216/1185
f 1125/1253/1125 1124/1195/1124 1162/1254/1162 1163/1219/1163
f 1124/1195/1124 1123/1193/1123 1161/1255/1161 1162/1254/1162
f 1123/1193/1123 1122/1189/1122 1160/1256/1160 1161/1255/1161
f 1122/1189/1122 1121/1190/1121 1158/1211/1158 1160/1256/1160
f 1180/1187/1180 1185/1216/1185 1178/1257/1178 1170/1186/1170
f 1155/1258/1155 1133/1259/1133 1177/1245/1177 1175/1243/1175
f 1246/1260/1246 1245/1194/1245 1124/1195/1124 1125/1253/1125
f 1126/1201/1126 1170/1186/1170 1178/1257/1178 1164/1252/1164
f 1140/1261/1140 1172/1222/1172 1173/1223/1173 1144/1236/1144
f 1254/1184/1254 1246/1260/1246 1125/1253/1125 1180/1187/1180
f 1143/1233/1143 1142/1224/1142 1141/1213/1141 1134/1214/1134
f 1188/1242/1188 1138/1263/1138 1152/1262/1152 1153/1241/1153
f 1184/1248/1184 1183/1244/1183 1177/1245/1177 1176/1247/1176
f 1178/1257/1178 1185/1216/1185 1181/1217/1181 1171/1246/1171
f 1149/1226/1149 1173/1223/1173 1142/1224/1142
f 1186/1264/1186 1135/1229/1135 1133/1259/1133 1155/1258/1155
f 1139/1232/1139 1135/1229/1135 1186/1264/1186 1187/1265/1187
f 1138/1263/1138 1140/1261/1140 1144/1236/1144 1145/1238/1145
f 1155/1258/1155 1175/1243/1175 1182/1212/1182 1141/1213/1141
f 1186/1264/1186 1155/1258/1155 1141/1213/1141 1172/1222/1172
f 1187/1265/1187 1186/1264/1186 1172/1222/1172 1140/1261/1140
f 1190/1266/1190 1309/543/1309 1278/544/1278 823/1267/823
f 1191/1268/1191 1190/1266/1190 823/1267/823 822/1269/822
f 1192/1270/1192 1191/1268/1191 822/1269/822 821/1271/821
f 1193/1272/1193 1192/1270/1192 821/1271/821 820/1273/820
f 1194/1274/1194 1193/1272/1193 820/1273/820 819/1275/819
f 1195/1173/1195 1194/1274/1194 819/1275/819 818/1172/818
f 1061/1099/1061 1062/1103/1062 1194/1274/1194 1195/1173/1195
f 816/1276/816 817/1165/817 1222/1166/1222 1224/1277/1224
f 1211/1170/1211 1272/1278/1272 1267/1107/1267 1219/1104/1219
f 1062/1103/1062 1063/1279/1063 1193/1272/1193 1194/1274/1194
f 1063/1279/1063 1064/1280/1064 1192/1270/1192 1193/1272/1193
f 1064/1280/1064 1060/1281/1060 1191/1268/1191 1192/1270/1192
f 1060/1281/1060 1059/1282/1059 1190/1266/1190 1191/1268/1191
f 1059/1282/1059 1300/561/1300 1309/543/1309 1190/1266/1190
f 816/1276/816 1224/1277/1224 1229/1171/1229 818/1172/818
f 1168/1220/1168 1198/1283/1198 1197/1198/1197 1129/1199/1129
f 1214/1174/1214 1233/1098/1233 1061/1099/1061 1195/1173/1195
f 1188/1242/1188 1199/1239/1199 1139/1232/1139 1187/1265/1187
f 1255/1284/1255 1256/1197/1256 1197/1198/1197 1167/1285/1167
f 1138/1263/1138 1188/1242/1188 1187/1265/1187 1140/1261/1140
f 1153/1241/1153 1152/1262/1152 1202/1287/1202 1200/1286/1200
f 1167/1285/1167 1197/1198/1197 1198/1283/1198 1200/1286/1200
f 1241/1225/1241 1118/1156/1118 1117/1163/1117 1255/1284/1255
f 1154/1235/1154 1130/1208/1130 1201/1288/1201 1202/1287/1202
f 1202/1287/1202 1201/1288/1201 1167/1285/1167 1200/1286/1200
f 1159/1210/1159 1147/1227/1147 1146/1228/1146 1136/1237/1136
f 1148/1234/1148 1147/1227/1147 1159/1210/1159 1154/1235/1154
f 1138/1263/1138 1145/1238/1145 1148/1234/1148 1154/1235/1154
f 1138/1263/1138 1154/1235/1154 1202/1287/1202 1152/1262/1152
f 1174/1240/1174 1153/1241/1153 1200/1286/1200 1198/1283/1198
f 1150/1231/1150 1174/1240/1174 1198/1283/1198 1168/1220/1168
f 1151/1230/1151 1150/1231/1150 1168/1220/1168 1166/1221/1166
f 1207/1289/1207 1151/1230/1151 1166/1221/1166 1165/1251/1165
f 1133/1259/1133 1135/1229/1135 1151/1230/1151 1207/1289/1207
f 1203/1290/1203 1136/1237/1136 1134/1214/1134 1132/1215/1132
f 1137/1218/1137 1163/1219/1163 1162/1254/1162 1204/1291/1204
f 1156/1249/1156 1137/1218/1137 1204/1291/1204 1205/1292/1205
f 1205/1292/1205 1204/1291/1204 1162/1254/1162 1161/1255/1161
f 1157/1250/1157 1156/1249/1156 1205/1292/1205 1206/1293/1206
f 1203/1290/1203 1132/1215/1132 1157/1250/1157 1206/1293/1206
f 1206/1293/1206 1205/1292/1205 1161/1255/1161 1160/1256/1160
f 1203/1290/1203 1206/1293/1206 1160/1256/1160 1158/1211/1158
f 1136/1237/1136 1203/1290/1203 1158/1211/1158 1159/1210/1159
f 1176/1247/1176 1177/1245/1177 1133/1259/1133 1207/1289/1207
f 1164/1252/1164 1178/1257/1178 1171/1246/1171 1208/1294/1208
f 1208/1294/1208 1171/1246/1171 1176/1247/1176 1207/1289/1207
f 1207/1289/1207 1165/1251/1165 1164/1252/1164 1208/1294/1208
f 1262/1295/1262 1263/1120/1263 1212/1102/1212 1209/1097/1209
f 1264/1296/1264 1262/1295/1262 1209/1097/1209 1233/1098/1233
f 1263/1120/1263 1265/1121/1265 1216/1297/1216 1212/1102/1212
g Group
f 1266/1106/1266 1267/1107/1267 1218/1299/1218 1227/1298/1227
g off
f 1268/1161/1268 1269/1162/1269 1220/1167/1220 1231/1300/1231
f 1269/1162/1269 1270/1116/1270 1222/1166/1222 1220/1167/1220
f 1270/1116/1270 1271/1117/1271 1224/1277/1224 1222/1166/1222
g Group
f 1267/1107/1267 1272/1278/1272 1226/1301/1226 1218/1299/1218
g off
f 1273/1302/1273 1266/1106/1266 1227/1298/1227 1235/1303/1235
f 1274/1304/1274 1275/1305/1275 1236/1179/1236 1210/1164/1210
f 1274/1304/1274 1264/1296/1264 1233/1098/1233 1214/1174/1214
f 1265/1121/1265 1273/1302/1273 1235/1303/1235 1216/1297/1216
f 1276/1306/1276 1268/1161/1268 1231/1300/1231 1237/1307/1237
f 1277/1308/1277 1272/1278/1272 1211/1170/1211 1228/1129/1228
f 1277/1308/1277 1276/1306/1276 1237/1307/1237 1239/1309/1239
g Group
f 1272/1278/1272 1277/1308/1277 1239/1309/1239 1226/1301/1226
g off
f 1209/1097/1209 1023/1059/1023 1024/1058/1024 1058/1100/1058
f 1201/1288/1201 1241/1225/1241 1255/1284/1255 1167/1285/1167
f 1117/1163/1117 1196/1180/1196 1256/1197/1256 1255/1284/1255
f 1179/1128/1179 1112/1169/1112 1246/1260/1246 1254/1184/1254
f 1112/1169/1112 1111/1108/1111 1245/1194/1245 1246/1260/1246
f 1116/1181/1116 1115/1182/1115 1249/1204/1249 1250/1196/1250
f 1121/1190/1121 1242/1191/1242 1252/1206/1252 1131/1207/1131
f 1201/1288/1201 1130/1208/1130 1251/1209/1251 1241/1225/1241
f 1120/1175/1120 1119/1159/1119 1251/1209/1251 1252/1206/1252
f 1115/1182/1115 1114/1178/1114 1248/1202/1248 1249/1204/1249
f 1114/1178/1114 1113/1113/1113 1247/1200/1247 1248/1202/1248
f 1169/1110/1169 1253/1185/1253 1247/1200/1247 1113/1113/1113
f 1116/1181/1116 1250/1196/1250 1256/1197/1256 1196/1180/1196
f 1111/1108/1111 1110/1109/1110 1244/1192/1244 1245/1194/1245
f 1110/1109/1110 1109/1176/1109 1243/1188/1243 1244/1192/1244
f 1109/1176/1109 1108/1183/1108 1242/1191/1242 1243/1188/1243
f 1179/1128/1179 1254/1184/1254 1253/1185/1253 1169/1110/1169
f 1257/1310/1257 1063/1279/1063 1062/1103/1062 1057/1101/1057
f 1257/1310/1257 1057/1101/1057 1039/1074/1039 1051/1091/1051
f 1257/1310/1257 1051/1091/1051 1050/1090/1050 1056/1096/1056
f 1064/1280/1064 1063/1279/1063 1257/1310/1257 1056/1096/1056
f 1044/1081/1044 1296/351/1296 1310/590/1310 1258/1311/1258
f 1054/1094/1054 1044/1081/1044 1258/1311/1258 1259/1312/1259
f 1055/1095/1055 1054/1094/1054 1259/1312/1259 1260/1313/1260
f 1261/1314/1261 1311/595/1311 1300/561/1300 1059/1282/1059
f 1064/1280/1064 1056/1096/1056 1053/1093/1053 1055/1095/1055
f 1060/1281/1060 1064/1280/1064 1055/1095/1055 1260/1313/1260
f 1258/1311/1258 1310/590/1310 1311/595/1311 1261/1314/1261
f 1260/1313/1260 1259/1312/1259 1258/1311/1258 1261/1314/1261
f 1060/1281/1060 1260/1313/1260 1261/1314/1261 1059/1282/1059
f 1273/1302/1273 1265/1121/1265 1221/1118/1221 1234/1177/1234
f 1229/1171/1229 1224/1277/1224 1271/1117/1271 1275/1305/1275
f 1275/1305/1275 1271/1117/1271 1213/1114/1213 1236/1179/1236
f 1262/1295/1262 1264/1296/1264 1238/1157/1238 1240/1158/1240
f 1276/1306/1276 1277/1308/1277 1228/1129/1228 1225/1111/1225
f 1214/1174/1214 1229/1171/1229 1275/1305/1275 1274/1304/1274
f 1264/1296/1264 1274/1304/1274 1210/1164/1210 1238/1157/1238
f 1268/1161/1268 1276/1306/1276 1225/1111/1225 1230/1112/1230
f 1266/1106/1266 1273/1302/1273 1234/1177/1234 1232/1105/1232
f 1223/1119/1223 1263/1120/1263 1262/1295/1262 1240/1158/1240
f 1108/1183/1108 1221/1118/1221 1223/1119/1223 1120/1175/1120
f 1358/1315/782 1503/1317/750 1366/1316/774
f 1348/1318/788 1347/1321/787 1355/1320/779 1356/1319/780
f 1318/1322/797 1317/1324/796 1348/1318/788 1349/1323/789
f 1330/1325/809 1329/1328/808 1324/1327/800 1323/1326/801
f 1357/1329/781 1356/1319/780 1364/1331/772 1365/1330/773
f 1312/1332/791 1342/1335/798 1350/1334/790 1343/1333/783
f 1334/1336/813 1333/1339/812 1320/1338/804 1319/1337/805
f 1351/1340/775 1358/1315/782 1366/1316/774 1359/1341/767
f 1355/1320/779 1354/1344/778 1362/1343/770 1363/1342/771
f 1329/1328/808 1328/1346/807 1325/1345/1312 1324/1327/800
f 1354/1344/778 1353/1348/777 1361/1347/769 1362/1343/770
f 1314/1349/793 1313/1352/792 1344/1351/1313 1345/1350/785
f 1316/1353/795 1315/1355/794 1346/1354/786 1347/1321/787
f 1333/1339/812 1332/1357/811 1321/1356/803 1320/1338/804
f 1328/1346/807 1327/1359/814 1326/1358/806 1325/1345/1312
f 1356/1319/780 1355/1320/779 1363/1342/771 1364/1331/772
f 1352/1360/776 1351/1340/775 1359/1341/767 1360/1361/768
f 1317/1324/796 1316/1353/795 1347/1321/787 1348/1318/788
f 1332/1357/811 1331/1363/810 1322/1362/802 1321/1356/803
f 1315/1355/794 1314/1349/793 1345/1350/785 1346/1354/786
f 1327/1359/814 1503/1317/750 1326/1358/806
f 1313/1352/792 1312/1332/791 1343/1333/783 1344/1351/1313
f 1341/1364/588 1503/1317/750 1327/1359/814
f 1344/1351/1313 1343/1333/783 1351/1340/775 1352/1360/776
f 1342/1335/798 1503/1317/750 1350/1334/790
f 1349/1323/789 1348/1318/788 1356/1319/780 1357/1329/781
f 1321/1356/803 1322/1362/802 1315/1355/794 1316/1353/795
f 1337/1365/584 1338/1366/585 1331/1363/810 1332/1357/811
f 1325/1345/1312 1326/1358/806 1342/1335/798 1312/1332/791
f 1340/1367/587 1341/1364/588 1327/1359/814 1328/1346/807
f 1346/1354/786 1345/1350/785 1353/1348/777 1354/1344/778
f 1345/1350/785 1344/1351/1313 1352/1360/776 1353/1348/777
f 1320/1338/804 1321/1356/803 1316/1353/795 1317/1324/796
f 1336/1368/583 1337/1365/584 1332/1357/811 1333/1339/812
f 1324/1327/800 1325/1345/1312 1312/1332/791 1313/1352/792
f 1339/1369/586 1340/1367/587 1328/1346/807 1329/1328/808
f 1343/1333/783 1350/1334/790 1358/1315/782 1351/1340/775
f 1319/1337/805 1320/1338/804 1317/1324/796 1318/1322/797
f 1335/1370/582 1336/1368/583 1333/1339/812 1334/1336/813
f 1347/1321/787 1346/1354/786 1354/1344/778 1355/1320/779
f 1323/1326/801 1324/1327/800 1313/1352/792 1314/1349/793
f 1568/1371/815 1339/1369/586 1329/1328/808 1330/1325/809
f 1350/1334/790 1503/1317/750 1358/1315/782
f 1322/1362/802 1323/1326/801 1314/1349/793 1315/1355/794
f 1338/1366/585 1568/1371/815 1330/1325/809 1331/1363/810
f 1331/1363/810 1330/1325/809 1323/1326/801 1322/1362/802
f 1353/1348/777 1352/1360/776 1360/1361/768 1361/1347/769
f 1326/1358/806 1503/1317/750 1342/1335/798
f 1362/1343/770 1361/1347/769 1369/1373/761 1370/1372/762
f 1363/1342/771 1362/1343/770 1370/1372/762 1371/1374/763
f 1359/1341/767 1366/1316/774 1374/1376/766 1367/1375/759
f 1361/1347/769 1360/1361/768 1368/1377/760 1369/1373/761
f 1365/1330/773 1364/1331/772 1372/1379/764 1373/1378/765
f 1366/1316/774 1503/1317/750 1374/1376/766
f 1360/1361/768 1359/1341/767 1367/1375/759 1368/1377/760
f 1364/1331/772 1363/1342/771 1371/1374/763 1372/1379/764
f 1374/1376/766 1503/1317/750 1382/1380/1314
f 1368/1377/760 1367/1375/759 1375/1382/751 1376/1381/752
f 1372/1379/764 1371/1374/763 1379/1384/755 1380/1383/756
f 1370/1372/762 1369/1373/761 1377/1386/753 1378/1385/754
f 1371/1374/763 1370/1372/762 1378/1385/754 1379/1384/755
f 1367/1375/759 1374/1376/766 1382/1380/1314 1375/1382/751
f 1369/1373/761 1368/1377/760 1376/1381/752 1377/1386/753
f 1373/1378/765 1372/1379/764 1380/1383/756 1381/1387/757
f 1378/1385/754 1377/1386/753 1385/1389/744 1386/1388/745
f 1379/1384/755 1378/1385/754 1386/1388/745 1387/1390/746
f 1375/1382/751 1382/1380/1314 1390/1392/749 1383/1391/742
f 1377/1386/753 1376/1381/752 1384/1393/743 1385/1389/744
f 1381/1387/757 1380/1383/756 1388/1395/747 1389/1394/748
f 1382/1380/1314 1503/1317/750 1390/1392/749
f 1376/1381/752 1375/1382/751 1383/1391/742 1384/1393/743
f 1380/1383/756 1379/1384/755 1387/1390/746 1388/1395/747
f 1390/1392/749 1503/1317/750 1398/1396/741
f 1384/1393/743 1383/1391/742 1391/1398/734 1392/1397/735
f 1388/1395/747 1387/1390/746 1395/1400/738 1396/1399/739
f 1386/1388/745 1385/1389/744 1393/1402/736 1394/1401/737
f 1387/1390/746 1386/1388/745 1394/1401/737 1395/1400/738
f 1383/1391/742 1390/1392/749 1398/1396/741 1391/1398/734
f 1385/1389/744 1384/1393/743 1392/1397/735 1393/1402/736
f 1389/1394/748 1388/1395/747 1396/1399/739 1397/1403/740
f 1395/1400/738 1394/1401/737 1402/1405/729 1403/1404/730
f 1391/1398/734 1398/1396/741 1406/1407/1315 1399/1406/726
f 1393/1402/736 1392/1397/735 1400/1409/727 1401/1408/728
f 1397/1403/740 1396/1399/739 1404/1411/731 1405/1410/732
f 1398/1396/741 1503/1317/750 1406/1407/1315
f 1392/1397/735 1391/1398/734 1399/1406/726 1400/1409/727
f 1396/1399/739 1395/1400/738 1403/1404/730 1404/1411/731
f 1394/1401/737 1393/1402/736 1401/1408/728 1402/1405/729
f 1406/1407/1315 1503/1317/750 1414/1412/725
f 1400/1409/727 1399/1406/726 1407/1414/718 1408/1413/719
f 1404/1411/731 1403/1404/730 1411/1416/722 1412/1415/723
f 1402/1405/729 1401/1408/728 1409/1418/720 1410/1417/721
f 1403/1404/730 1402/1405/729 1410/1417/721 1411/1416/722
f 1399/1406/726 1406/1407/1315 1414/1412/725 1407/1414/718
f 1401/1408/728 1400/1409/727 1408/1413/719 1409/1418/720
f 1405/1410/732 1404/1411/731 1412/1415/723 1413/1419/724
f 1407/1414/718 1414/1412/725 1422/1421/717 1415/1420/710
f 1409/1418/720 1408/1413/719 1416/1423/711 1417/1422/712
f 1413/1419/724 1412/1415/723 1420/1425/715 1421/1424/716
f 1414/1412/725 1503/1317/750 1422/1421/717
f 1408/1413/719 1407/1414/718 1415/1420/710 1416/1423/711
f 1412/1415/723 1411/1416/722 1419/1426/714 1420/1425/715
f 1410/1417/721 1409/1418/720 1417/1422/712 1418/1427/713
f 1411/1416/722 1410/1417/721 1418/1427/713 1419/1426/714
f 1416/1423/711 1415/1420/710 1423/1429/702 1424/1428/703
f 1420/1425/715 1419/1426/714 1427/1431/706 1428/1430/707
f 1418/1427/713 1417/1422/712 1425/1433/704 1426/1432/705
f 1419/1426/714 1418/1427/713 1426/1432/705 1427/1431/706
f 1415/1420/710 1422/1421/717 1430/1434/709 1423/1429/702
f 1417/1422/712 1416/1423/711 1424/1428/703 1425/1433/704
f 1421/1424/716 1420/1425/715 1428/1430/707 1429/1435/708
f 1422/1421/717 1503/1317/750 1430/1434/709
f 1425/1433/704 1424/1428/703 1432/1437/695 1433/1436/696
f 1429/1435/708 1428/1430/707 1436/1439/699 1437/1438/700
f 1430/1434/709 1503/1317/750 1438/1440/701
f 1424/1428/703 1423/1429/702 1431/1441/694 1432/1437/695
f 1428/1430/707 1427/1431/706 1435/1442/698 1436/1439/699
f 1426/1432/705 1425/1433/704 1433/1436/696 1434/1443/697
f 1427/1431/706 1426/1432/705 1434/1443/697 1435/1442/698
f 1423/1429/702 1430/1434/709 1438/1440/701 1431/1441/694
f 1436/1439/699 1435/1442/698 1443/1445/690 1444/1444/691
f 1434/1443/697 1433/1436/696 1441/1447/688 1442/1446/689
f 1435/1442/698 1434/1443/697 1442/1446/689 1443/1445/690
f 1431/1441/694 1438/1440/701 1446/1449/693 1439/1448/686
f 1433/1436/696 1432/1437/695 1440/1450/687 1441/1447/688
f 1437/1438/700 1436/1439/699 1444/1444/691 1445/1451/692
f 1438/1440/701 1503/1317/750 1446/1449/693
f 1432/1437/695 1431/1441/694 1439/1448/686 1440/1450/687
f 1445/1451/692 1444/1444/691 1452/1453/683 1453/1452/684
f 1446/1449/693 1503/1317/750 1454/1454/685
f 1440/1450/687 1439/1448/686 1447/1456/678 1448/1455/679
f 1444/1444/691 1443/1445/690 1451/1457/682 1452/1453/683
f 1442/1446/689 1441/1447/688 1449/1459/680 1450/1458/681
f 1443/1445/690 1442/1446/689 1450/1458/681 1451/1457/682
f 1439/1448/686 1446/1449/693 1454/1454/685 1447/1456/678
f 1441/1447/688 1440/1450/687 1448/1455/679 1449/1459/680
f 1452/1453/683 1451/1457/682 1459/1461/674 1460/1460/675
f 1450/1458/681 1449/1459/680 1457/1463/672 1458/1462/673
f 1451/1457/682 1450/1458/681 1458/1462/673 1459/1461/674
f 1447/1456/678 1454/1454/685 1462/1465/677 1455/1464/670
f 1449/1459/680 1448/1455/679 1456/1466/671 1457/1463/672
f 1453/1452/684 1452/1453/683 1460/1460/675 1461/1467/676
f 1454/1454/685 1503/1317/750 1462/1465/677
f 1448/1455/679 1447/1456/678 1455/1464/670 1456/1466/671
f 1461/1467/676 1460/1460/675 1468/1469/667 1469/1468/668
f 1462/1465/677 1503/1317/750 1470/1470/669
f 1456/1466/671 1455/1464/670 1463/1472/662 1464/1471/663
f 1460/1460/675 1459/1461/674 1467/1473/666 1468/1469/667
f 1458/1462/673 1457/1463/672 1465/1475/664 1466/1474/665
f 1459/1461/674 1458/1462/673 1466/1474/665 1467/1473/666
f 1455/1464/670 1462/1465/677 1470/1470/669 1463/1472/662
f 1457/1463/672 1456/1466/671 1464/1471/663 1465/1475/664
f 1466/1474/665 1465/1475/664 1473/1477/656 1474/1476/657
f 1467/1473/666 1466/1474/665 1474/1476/657 1475/1478/658
f 1463/1472/662 1470/1470/669 1478/1480/661 1471/1479/654
f 1465/1475/664 1464/1471/663 1472/1481/655 1473/1477/656
f 1469/1468/668 1468/1469/667 1476/1483/659 1477/1482/660
f 1470/1470/669 1503/1317/750 1478/1480/661
f 1464/1471/663 1463/1472/662 1471/1479/654 1472/1481/655
f 1468/1469/667 1467/1473/666 1475/1478/658 1476/1483/659
f 1478/1480/661 1503/1317/750 1486/1484/1316
f 1472/1481/655 1471/1479/654 1479/1486/646 1480/1485/647
f 1476/1483/659 1475/1478/658 1483/1488/650 1484/1487/651
f 1474/1476/657 1473/1477/656 1481/1490/648 1482/1489/649
f 1475/1478/658 1474/1476/657 1482/1489/649 1483/1488/650
f 1471/1479/654 1478/1480/661 1486/1484/1316 1479/1486/646
f 1473/1477/656 1472/1481/655 1480/1485/647 1481/1490/648
f 1477/1482/660 1476/1483/659 1484/1487/651 1485/1491/652
f 1482/1489/649 1481/1490/648 1489/1493/640 1490/1492/641
f 1483/1488/650 1482/1489/649 1490/1492/641 1491/1494/642
f 1479/1486/646 1486/1484/1316 1494/1496/645 1487/1495/638
f 1481/1490/648 1480/1485/647 1488/1497/639 1489/1493/640
f 1485/1491/652 1484/1487/651 1492/1499/643 1493/1498/644
f 1486/1484/1316 1503/1317/750 1494/1496/645
f 1480/1485/647 1479/1486/646 1487/1495/638 1488/1497/639
f 1484/1487/651 1483/1488/650 1491/1494/642 1492/1499/643
f 1494/1496/645 1503/1317/750 1502/1500/637
f 1488/1497/639 1487/1495/638 1495/1502/630 1496/1501/631
f 1492/1499/643 1491/1494/642 1499/1504/634 1500/1503/635
f 1490/1492/641 1489/1493/640 1497/1506/632 1498/1505/633
f 1491/1494/642 1490/1492/641 1498/1505/633 1499/1504/634
f 1487/1495/638 1494/1496/645 1502/1500/637 1495/1502/630
f 1489/1493/640 1488/1497/639 1496/1501/631 1497/1506/632
f 1493/1498/644 1492/1499/643 1500/1503/635 1501/1507/636
f 1499/1504/634 1498/1505/633 1507/1509/625 1508/1508/626
f 1495/1502/630 1502/1500/637 1511/1511/1317 1504/1510/622
f 1497/1506/632 1496/1501/631 1505/1513/623 1506/1512/624
f 1501/1507/636 1500/1503/635 1509/1515/627 1510/1514/628
f 1502/1500/637 1503/1317/750 1511/1511/1317
f 1496/1501/631 1495/1502/630 1504/1510/622 1505/1513/623
f 1500/1503/635 1499/1504/634 1508/1508/626 1509/1515/627
f 1498/1505/633 1497/1506/632 1506/1512/624 1507/1509/625
f 1505/1513/623 1504/1510/622 1512/1517/614 1513/1516/615
f 1509/1515/627 1508/1508/626 1516/1519/618 1517/1518/619
f 1507/1509/625 1506/1512/624 1514/1521/616 1515/1520/617
f 1508/1508/626 1507/1509/625 1515/1520/617 1516/1519/618
f 1504/1510/622 1511/1511/1317 1519/1522/621 1512/1517/614
f 1506/1512/624 1505/1513/623 1513/1516/615 1514/1521/616
f 1510/1514/628 1509/1515/627 1517/1518/619 1518/1523/620
f 1511/1511/1317 1503/1317/750 1519/1522/621
f 1514/1521/616 1513/1516/615 1521/1525/607 1522/1524/608
f 1518/1523/620 1517/1518/619 1525/1527/611 1526/1526/612
f 1519/1522/621 1503/1317/750 1527/1528/613
f 1513/1516/615 1512/1517/614 1520/1529/606 1521/1525/607
f 1517/1518/619 1516/1519/618 1524/1530/610 1525/1527/611
f 1515/1520/617 1514/1521/616 1522/1524/608 1523/1531/609
f 1516/1519/618 1515/1520/617 1523/1531/609 1524/1530/610
f 1512/1517/614 1519/1522/621 1527/1528/613 1520/1529/606
f 1521/1525/607 1520/1529/606 1528/1533/598 1529/1532/599
f 1525/1527/611 1524/1530/610 1532/1535/602 1533/1534/603
f 1523/1531/609 1522/1524/608 1530/1537/600 1531/1536/601
f 1524/1530/610 1523/1531/609 1531/1536/601 1532/1535/602
f 1520/1529/606 1527/1528/613 1535/1538/605 1528/1533/598
f 1522/1524/608 1521/1525/607 1529/1532/599 1530/1537/600
f 1526/1526/612 1525/1527/611 1533/1534/603 1534/1539/604
f 1527/1528/613 1503/1317/750 1535/1538/605
f 1530/1537/600 1529/1532/599 1537/1541/1318 1538/1540/592
f 1534/1539/604 1533/1534/603 1541/1543/595 1542/1542/596
f 1535/1538/605 1503/1317/750 1543/1544/597
f 1529/1532/599 1528/1533/598 1536/1545/590 1537/1541/1318
f 1533/1534/603 1532/1535/602 1540/1546/594 1541/1543/595
f 1531/1536/601 1530/1537/600 1538/1540/592 1539/1547/593
f 1532/1535/602 1531/1536/601 1539/1547/593 1540/1546/594
f 1528/1533/598 1535/1538/605 1543/1544/597 1536/1545/590
f 1541/1543/595 1540/1546/594 1548/1549/563 1549/1548/564
f 1539/1547/593 1538/1540/592 1546/1551/561 1547/1550/562
f 1540/1546/594 1539/1547/593 1547/1550/562 1548/1549/563
f 1536/1545/590 1543/1544/597 1551/1553/589 1544/1552/559
f 1538/1540/592 1537/1541/1318 1545/1554/560 1546/1551/561
f 1542/1542/596 1541/1543/595 1549/1548/564 1550/1555/565
f 1543/1544/597 1503/1317/750 1551/1553/589
f 1537/1541/1318 1536/1545/590 1544/1552/559 1545/1554/560
f 1550/1555/565 1549/1548/564 1557/1557/567 1558/1556/566
f 1551/1553/589 1503/1317/750 1559/1558/573
f 1545/1554/560 1544/1552/559 1552/1560/1319 1553/1559/571
f 1549/1548/564 1548/1549/563 1556/1561/568 1557/1557/567
f 1547/1550/562 1546/1551/561 1554/1563/570 1555/1562/569
f 1548/1549/563 1547/1550/562 1555/1562/569 1556/1561/568
f 1544/1552/559 1551/1553/589 1559/1558/573 1552/1560/1319
f 1546/1551/561 1545/1554/560 1553/1559/571 1554/1563/570
f 1557/1557/567 1556/1561/568 1564/1565/579 1565/1564/580
f 1555/1562/569 1554/1563/570 1562/1567/577 1563/1566/578
f 1556/1561/568 1555/1562/569 1563/1566/578 1564/1565/579
f 1552/1560/1319 1559/1558/573 1567/1569/574 1560/1568/575
f 1554/1563/570 1553/1559/571 1561/1570/576 1562/1567/577
f 1558/1556/566 1557/1557/567 1565/1564/580 1566/1571/581
f 1559/1558/573 1503/1317/750 1567/1569/574
f 1553/1559/571 1552/1560/1319 1560/1568/575 1561/1570/576
f 1567/1569/574 1503/1317/750 1341/1364/588
f 1561/1570/576 1560/1568/575 1340/1367/587 1339/1369/586
f 1565/1564/580 1564/1565/579 1337/1365/584 1336/1368/583
f 1563/1566/578 1562/1567/577 1568/1371/815 1338/1366/585
f 1564/1565/579 1563/1566/578 1338/1366/585 1337/1365/584
f 1560/1568/575 1567/1569/574 1341/1364/588 1340/1367/587
f 1562/1567/577 1561/1570/576 1339/1369/586 1568/1371/815
f 1566/1571/581 1565/1564/580 1336/1368/583 1335/1370/582
g Head_Temple_L_body_low.001
v 0.105691 2.716066 0.122889
v 0.108206 2.745289 0.119141
v 0.105233 2.771031 0.125358
v 0.112315 2.775517 0.103944
v 0.098610 2.791521 0.139406
v 0.107580 2.798924 0.114053
v 0.072006 2.854451 0.149602
v 0.089470 2.839238 0.139746
v 0.101095 2.819314 0.126741
v 0.057122 2.826517 0.180044
v 0.075557 2.819307 0.169514
v 0.091764 2.806926 0.156459
v 0.116373 2.781164 0.081427
v 0.114207 2.803791 0.086260
v 0.109339 2.827137 0.092880
v 0.099139 2.851339 0.099448
v 0.083589 2.872547 0.104694
v 0.105885 2.714851 0.106057
v 0.110426 2.747477 0.098303
v 0.115469 2.762426 0.078197
vn 0.9929 -0.1019 0.0610
vn 0.9888 -0.0656 0.1344
vn 0.9586 0.0216 0.2840
vn 0.9732 0.0029 0.2300
vn 0.9392 0.0654 0.3371
vn 0.9534 0.0878 0.2887
vn 0.6955 0.4784 0.5361
vn 0.7884 0.4113 0.4574
vn 0.9146 0.2104 0.3452
vn 0.6336 0.4289 0.6440
vn 0.7048 0.3896 0.5928
vn 0.8677 0.2301 0.4406
vn 0.9807 -0.0056 0.1957
vn 0.9656 0.1021 0.2391
vn 0.9350 0.2180 0.2797
vn 0.8411 0.4201 0.3408
vn 0.7586 0.5311 0.3774
vn 0.9862 -0.0695 0.1503
vn 0.9820 -0.0901 0.1661
vt 0.214691 0.519799
vt 0.089071 0.704123
vt -0.005068 0.656603
vt 0.069707 0.453505
vt 0.380782 0.527765
vt 0.343447 0.342832
vt 0.525826 0.309681
vt 0.214378 0.750037
vt 0.706958 0.236530
vt 0.553991 0.503967
vt 0.867461 0.165973
vt 0.736438 0.468408
vt 0.995254 0.090714
vt 0.890522 0.428693
vt 0.661321 0.826702
vt 0.515377 0.809283
vt 0.358585 0.781964
vt 0.195471 0.296407
vt -0.005068 0.272700
vt 0.105701 0.159181
s 1
g Group
usemtl 
f 1572/1572/1323 1587/1575/1337 1588/1574/1338 1581/1573/1332
f 1574/1576/1325 1573/1578/1324 1571/1577/1322 1572/1572/1323
f 1582/1579/1333 1574/1576/1325 1572/1572/1323 1581/1573/1332
f 1573/1578/1324 1574/1576/1325 1577/1581/1328 1580/1580/1331
f 1580/1580/1331 1577/1581/1328 1576/1583/1327 1579/1582/1330
f 1579/1582/1330 1576/1583/1327 1575/1585/1326 1578/1584/1329
f 1576/1583/1327 1584/1587/1335 1585/1586/1336 1575/1585/1326
f 1577/1581/1328 1583/1588/1334 1584/1587/1335 1576/1583/1327
f 1574/1576/1325 1582/1579/1333 1583/1588/1334 1577/1581/1328
g off
f 1570/1589/1321 1569/1591/1320 1586/1590/1320 1587/1575/1337
g Group
f 1571/1577/1322 1570/1589/1321 1587/1575/1337 1572/1572/1323
g Head_Occiput.001_body_low.003
v -0.029608 2.850747 -0.062094
v -0.057709 2.845082 -0.054918
v -0.081932 2.833149 -0.043804
v -0.033257 2.890136 -0.014823
v -0.063856 2.879434 -0.009464
v -0.087803 2.861773 -0.001390
v -0.050754 2.805157 -0.077518
v -0.025538 2.809212 -0.083607
v 0.029608 2.850747 -0.062094
v 0.057709 2.845082 -0.054918
v 0.081932 2.833149 -0.043804
v 0.033257 2.890136 -0.014823
v 0.063856 2.879434 -0.009464
v 0.087803 2.861773 -0.001390
v 0.050754 2.805157 -0.077518
v 0.025538 2.809212 -0.083607
v 0.000000 2.852519 -0.064374
v 0.000000 2.893363 -0.016820
v 0.000000 2.809651 -0.085288
vn -0.2052 0.6031 -0.7708
vn -0.4073 0.6112 -0.6786
vn -0.5876 0.6174 -0.5229
vn -0.2196 0.7442 -0.6308
vn -0.4635 0.6768 -0.5720
vn -0.2907 0.4249 -0.8573
vn -0.1823 0.4376 -0.8805
vn 0.2052 0.6031 -0.7708
vn 0.4073 0.6112 -0.6786
vn 0.5876 0.6174 -0.5229
vn 0.2196 0.7442 -0.6308
vn 0.4635 0.6768 -0.5720
vn 0.2907 0.4249 -0.8573
vn 0.1823 0.4376 -0.8805
vn -0.0000 0.6160 -0.7877
vn -0.0000 0.7614 -0.6483
vn -0.0000 0.4460 -0.8951
vt 0.731046 0.605215
vt 0.727686 0.709653
vt 0.672751 0.712757
vt 0.669199 0.607056
vt 0.835962 0.596213
vt 0.827262 0.686412
vt 0.780555 0.699890
vt 0.789122 0.601308
vt 0.772148 0.760830
vt 0.724857 0.769503
vt 0.670722 0.765280
vt 0.932650 0.604426
vt 0.993453 0.606996
vt 0.995799 0.712731
vt 0.941556 0.708976
vt 0.836470 0.594268
vt 0.877901 0.599862
vt 0.890883 0.698605
vt 0.848396 0.684615
vt 0.953059 0.768966
vt 0.907435 0.759744
vt 1.000000 0.772270
s 1
g Group
usemtl 
f 1592/1592/1342 1606/1595/1354 1605/1594/1353 1589/1593/1339
f 1594/1596/1341 1593/1599/1343 1590/1598/1340 1591/1597/1341
f 1593/1599/1343 1592/1592/1342 1589/1593/1339 1590/1598/1340
f 1590/1598/1340 1589/1593/1339 1596/1601/1345 1595/1600/1344
f 1589/1593/1339 1605/1594/1353 1607/1602/1355 1596/1601/1345
f 1600/1603/1349 1597/1606/1346 1605/1605/1353 1606/1604/1354
f 1602/1607/1348 1599/1610/1348 1598/1609/1347 1601/1608/1350
f 1601/1608/1350 1598/1609/1347 1597/1606/1346 1600/1603/1349
f 1598/1609/1347 1603/1612/1351 1604/1611/1352 1597/1606/1346
f 1597/1606/1346 1604/1611/1352 1607/1613/1355 1605/1605/1353
g mid_scalp_body_low.004
v -0.033257 2.890136 -0.014823
v -0.063856 2.879434 -0.009464
v -0.087803 2.861773 -0.001390
v -0.034270 2.908622 0.049161
v -0.065358 2.895791 0.049599
v -0.087864 2.874597 0.051511
v -0.083589 2.872547 0.104694
v -0.060447 2.890472 0.108997
v -0.031576 2.900858 0.111689
v 0.033257 2.890136 -0.014823
v 0.063856 2.879434 -0.009464
v 0.087803 2.861773 -0.001390
v 0.034270 2.908622 0.049161
v 0.065358 2.895791 0.049599
v 0.087864 2.874597 0.051511
v 0.083589 2.872547 0.104694
v 0.060447 2.890472 0.108997
v 0.031576 2.900858 0.111689
v 0.000000 2.893363 -0.016820
v 0.000000 2.912770 0.048221
v 0.000000 2.903666 0.114156
vn -0.2377 0.9321 -0.2733
vn -0.5069 0.8292 -0.2354
vn -0.6536 0.7301 -0.1994
vn -0.2429 0.9674 -0.0720
vn -0.5184 0.8528 -0.0631
vn -0.6596 0.7498 -0.0524
vn -0.6504 0.7527 0.1023
vn -0.5001 0.8584 0.1146
vn -0.2289 0.9650 0.1281
vn 0.2377 0.9321 -0.2733
vn 0.5069 0.8292 -0.2354
vn 0.6536 0.7301 -0.1994
vn 0.2429 0.9674 -0.0720
vn 0.5184 0.8528 -0.0631
vn 0.6596 0.7498 -0.0524
vn 0.6504 0.7527 0.1023
vn 0.5001 0.8584 0.1146
vn 0.2289 0.9650 0.1281
vn -0.0000 0.9592 -0.2826
vn -0.0000 0.9969 -0.0791
vn -0.0000 0.9912 0.1324
vt 0.732996 0.482032
vt 0.731046 0.605215
vt 0.669199 0.607056
vt 0.669199 0.481516
vt 0.731548 0.375132
vt 0.673034 0.369272
vt 0.074886 0.565210
vt 0.035133 0.496341
vt 0.081324 0.462851
vt 0.124579 0.543870
vt 0.786073 0.385345
vt 0.792061 0.487969
vt 0.836470 0.495651
vt 0.835962 0.596213
vt 0.789122 0.601308
vt 0.932268 0.481230
vt 0.994885 0.481465
vt 0.993453 0.606996
vt 0.932650 0.604426
vt 0.941975 0.374436
vt 1.000000 0.369272
vt 0.441017 0.190509
vt 0.395234 0.184128
vt 0.442154 0.085895
vt 0.486997 0.105267
vt 0.889891 0.384025
vt 0.876592 0.486498
vt 0.516918 0.010975
vt 0.552081 0.036092
vt 0.877901 0.599862
s 1
g Group
usemtl 
f 1611/1614/1359 1627/1617/1375 1626/1616/1374 1608/1615/1356
f 1616/1618/1364 1628/1619/1376 1627/1617/1375 1611/1614/1359
f 1614/1620/1362 1615/1623/1363 1612/1622/1360 1613/1621/1361
f 1615/1624/1363 1616/1618/1364 1611/1614/1359 1612/1625/1360
f 1613/1626/1361 1612/1625/1360 1609/1628/1357 1610/1627/1358
f 1612/1625/1360 1611/1614/1359 1608/1615/1356 1609/1628/1357
f 1620/1629/1368 1617/1632/1365 1626/1631/1374 1627/1630/1375
f 1625/1633/1373 1620/1629/1368 1627/1630/1375 1628/1634/1376
f 1623/1635/1371 1622/1638/1370 1621/1637/1369 1624/1636/1372
f 1624/1639/1372 1621/1640/1369 1620/1629/1368 1625/1633/1373
f 1622/1638/1370 1619/1642/1367 1618/1641/1366 1621/1637/1369
f 1621/1640/1369 1618/1643/1366 1617/1632/1365 1620/1629/1368
g Head_Occiput_body_low.008
v -0.090196 2.653625 0.037902
v -0.086490 2.654494 0.022040
v -0.032602 2.656373 -0.034741
v -0.016753 2.657039 -0.037043
v -0.058459 2.656011 -0.021435
v -0.046315 2.656059 -0.029908
v -0.069080 2.655645 -0.009571
v -0.078250 2.654655 0.005037
v -0.119103 2.779240 0.036619
v -0.118511 2.769610 0.018595
v -0.095191 2.698236 0.011154
v -0.102581 2.719513 0.006295
v -0.118705 2.798375 0.027875
v -0.116977 2.784572 0.002780
v -0.099453 2.721533 -0.015407
v -0.090428 2.699337 -0.008989
v -0.019028 2.701557 -0.073279
v -0.037784 2.700460 -0.068723
v -0.055593 2.699190 -0.059221
v -0.070636 2.698926 -0.044956
v -0.081172 2.699569 -0.027425
v -0.020980 2.735749 -0.086972
v -0.041770 2.732493 -0.081237
v -0.061692 2.729513 -0.070754
v -0.078263 2.726578 -0.055183
v -0.090162 2.724123 -0.035937
v -0.057709 2.845082 -0.054918
v -0.081932 2.833149 -0.043804
v -0.098751 2.817924 -0.028678
v -0.110148 2.801673 -0.012931
v -0.087803 2.861773 -0.001390
v -0.104070 2.841505 0.008152
v -0.113773 2.820031 0.018220
v -0.109054 2.738568 0.004038
v -0.106510 2.743985 -0.016954
v -0.097346 2.750798 -0.037915
v -0.083922 2.757326 -0.056769
v -0.066749 2.763186 -0.072765
v -0.045600 2.768063 -0.084104
v -0.022898 2.771527 -0.089519
v -0.114645 2.755439 0.007521
v -0.112118 2.765403 -0.012040
v -0.103546 2.777152 -0.031311
v -0.090355 2.787976 -0.049326
v -0.073066 2.797648 -0.065554
v -0.050754 2.805157 -0.077518
v -0.025538 2.809212 -0.083607
v -0.017327 2.679581 -0.052611
v -0.033836 2.679151 -0.048523
v -0.048718 2.679070 -0.040896
v -0.061611 2.679161 -0.029791
v -0.072136 2.679026 -0.015844
v -0.081166 2.678646 0.000028
v -0.086880 2.677879 0.016144
v -0.089468 2.676830 0.029095
v -0.119067 2.767532 0.042573
v -0.095634 2.694243 0.029228
v -0.117821 2.760997 0.028931
v -0.103647 2.717700 0.021648
v -0.109809 2.735843 0.018457
v -0.114555 2.750182 0.020646
v 0.090196 2.653625 0.037902
v 0.086490 2.654494 0.022040
v 0.032602 2.656373 -0.034741
v 0.016753 2.657039 -0.037043
v 0.058459 2.656011 -0.021435
v 0.046315 2.656059 -0.029908
v 0.069080 2.655645 -0.009571
v 0.078250 2.654655 0.005037
v 0.119103 2.779240 0.036619
v 0.118511 2.769610 0.018595
v 0.095191 2.698236 0.011154
v 0.102581 2.719513 0.006295
v 0.118705 2.798375 0.027875
v 0.116977 2.784572 0.002780
v 0.099453 2.721533 -0.015407
v 0.090428 2.699337 -0.008989
v 0.019028 2.701557 -0.073279
v 0.037784 2.700460 -0.068723
v 0.055593 2.699190 -0.059221
v 0.070636 2.698926 -0.044956
v 0.081172 2.699569 -0.027425
v 0.020980 2.735749 -0.086972
v 0.041770 2.732493 -0.081237
v 0.061692 2.729513 -0.070754
v 0.078263 2.726578 -0.055183
v 0.090162 2.724123 -0.035937
v 0.057709 2.845082 -0.054918
v 0.081932 2.833149 -0.043804
v 0.098751 2.817924 -0.028678
v 0.110148 2.801673 -0.012931
v 0.087803 2.861773 -0.001390
v 0.104070 2.841505 0.008152
v 0.113773 2.820031 0.018220
v 0.109054 2.738568 0.004038
v 0.106510 2.743985 -0.016954
v 0.097346 2.750798 -0.037915
v 0.083922 2.757326 -0.056769
v 0.066749 2.763186 -0.072765
v 0.045600 2.768063 -0.084104
v 0.022898 2.771527 -0.089519
v 0.114645 2.755439 0.007521
v 0.112118 2.765403 -0.012040
v 0.103546 2.777152 -0.031311
v 0.090355 2.787976 -0.049326
v 0.073066 2.797648 -0.065554
v 0.050754 2.805157 -0.077518
v 0.025538 2.809212 -0.083607
v 0.017327 2.679581 -0.052611
v 0.033836 2.679151 -0.048523
v 0.048718 2.679070 -0.040896
v 0.061611 2.679161 -0.029791
v 0.072136 2.679026 -0.015844
v 0.081166 2.678646 0.000028
v 0.086880 2.677879 0.016144
v 0.089468 2.676830 0.029095
v 0.119067 2.767532 0.042573
v 0.095634 2.694243 0.029228
v 0.117821 2.760997 0.028931
v 0.103647 2.717700 0.021648
v 0.109809 2.735843 0.018457
v 0.114555 2.750182 0.020646
v 0.000000 2.658479 -0.038815
v 0.000000 2.700730 -0.074399
v 0.000000 2.735911 -0.088679
v 0.000000 2.773628 -0.091124
v 0.000000 2.809651 -0.085288
v 0.000000 2.679791 -0.053779
v -0.119103 2.779240 0.036619
v -0.118107 2.783063 0.058377
v -0.117526 2.804729 0.056887
v -0.118705 2.798375 0.027875
v -0.087803 2.861773 -0.001390
v -0.104070 2.841505 0.008152
v -0.113773 2.820031 0.018220
v -0.087864 2.874597 0.051511
v -0.103598 2.852551 0.053543
v -0.113139 2.828796 0.055386
v -0.119067 2.767532 0.042573
v -0.117493 2.768764 0.059614
v 0.119103 2.779240 0.036619
v 0.118107 2.783063 0.058377
v 0.117526 2.804729 0.056887
v 0.118705 2.798375 0.027875
v 0.087803 2.861773 -0.001390
v 0.104070 2.841505 0.008152
v 0.113773 2.820031 0.018220
v 0.087864 2.874597 0.051511
v 0.103598 2.852551 0.053543
v 0.113139 2.828796 0.055386
v 0.119067 2.767532 0.042573
v 0.117493 2.768764 0.059614
v -0.118107 2.783063 0.058377
v -0.117526 2.804729 0.056887
v -0.087864 2.874597 0.051511
v -0.103598 2.852551 0.053543
v -0.113139 2.828796 0.055386
v -0.116373 2.781164 0.081427
v -0.114207 2.803791 0.086260
v -0.109339 2.827137 0.092880
v -0.099139 2.851339 0.099448
v -0.083589 2.872547 0.104694
v -0.117493 2.768764 0.059614
v -0.115469 2.762426 0.078197
v 0.118107 2.783063 0.058377
v 0.117526 2.804729 0.056887
v 0.087864 2.874597 0.051511
v 0.103598 2.852551 0.053543
v 0.113139 2.828796 0.055386
v 0.116373 2.781164 0.081427
v 0.114207 2.803791 0.086260
v 0.109339 2.827137 0.092880
v 0.099139 2.851339 0.099448
v 0.083589 2.872547 0.104694
v 0.117493 2.768764 0.059614
v 0.115469 2.762426 0.078197
vn -0.9743 -0.0614 -0.2169
vn -0.9518 -0.1002 -0.2900
vn -0.2545 -0.5051 -0.8247
vn -0.0975 -0.5564 -0.8252
vn -0.6658 -0.3308 -0.6688
vn -0.4720 -0.4209 -0.7746
vn -0.7920 -0.2552 -0.5546
vn -0.8771 -0.1861 -0.4427
vn -0.9988 -0.0218 -0.0449
vn -0.9916 -0.0871 -0.0960
vn -0.9017 -0.3933 -0.1796
vn -0.9244 -0.3508 -0.1496
vn -0.9871 0.0954 -0.1285
vn -0.9758 0.0376 -0.2152
vn -0.8769 -0.3618 -0.3163
vn -0.8281 -0.4580 -0.3233
vn -0.1195 -0.5347 -0.8366
vn -0.2680 -0.5400 -0.7978
vn -0.4627 -0.5432 -0.7006
vn -0.6444 -0.5273 -0.5537
vn -0.7473 -0.4992 -0.4387
vn -0.1448 -0.2229 -0.9640
vn -0.3213 -0.2460 -0.9145
vn -0.5320 -0.2657 -0.8040
vn -0.7103 -0.2976 -0.6379
vn -0.8068 -0.3379 -0.4847
vn -0.5288 0.3451 -0.7755
vn -0.6981 0.3414 -0.6294
vn -0.8309 0.2874 -0.4764
vn -0.9199 0.1699 -0.3534
vn -0.7916 0.4529 -0.4102
vn -0.8514 0.3807 -0.3607
vn -0.9386 0.2380 -0.2498
vn -0.9428 -0.2954 -0.1543
vn -0.9130 -0.2363 -0.3326
vn -0.8377 -0.1560 -0.5234
vn -0.7365 -0.0888 -0.6706
vn -0.5725 -0.0362 -0.8191
vn -0.3568 0.0051 -0.9342
vn -0.1583 0.0340 -0.9868
vn -0.9658 -0.2069 -0.1562
vn -0.9424 -0.0962 -0.3204
vn -0.8703 0.0136 -0.4924
vn -0.7731 0.0920 -0.6275
vn -0.6153 0.1783 -0.7679
vn -0.4276 0.1910 -0.8835
vn -0.1641 0.1447 -0.9758
vn -0.0975 -0.6299 -0.7705
vn -0.2386 -0.6093 -0.7562
vn -0.4395 -0.5664 -0.6972
vn -0.6335 -0.4970 -0.5930
vn -0.7579 -0.4202 -0.4991
vn -0.8484 -0.3510 -0.3962
vn -0.9261 -0.2698 -0.2638
vn -0.9613 -0.1994 -0.1899
vn -0.9979 -0.0583 -0.0282
vn -0.9225 -0.3626 -0.1319
vn -0.9905 -0.1258 -0.0563
vn -0.9334 -0.3431 -0.1049
vn -0.9425 -0.3163 -0.1083
vn -0.9628 -0.2511 -0.0994
vn 0.9743 -0.0614 -0.2169
vn 0.9518 -0.1002 -0.2900
vn 0.2545 -0.5051 -0.8247
vn 0.0975 -0.5564 -0.8252
vn 0.6658 -0.3308 -0.6688
vn 0.4720 -0.4209 -0.7746
vn 0.7920 -0.2552 -0.5546
vn 0.8771 -0.1861 -0.4427
vn 0.9988 -0.0218 -0.0449
vn 0.9916 -0.0871 -0.0960
vn 0.9017 -0.3933 -0.1796
vn 0.9244 -0.3508 -0.1496
vn 0.9871 0.0954 -0.1285
vn 0.9758 0.0376 -0.2152
vn 0.8769 -0.3618 -0.3163
vn 0.8281 -0.4580 -0.3233
vn 0.1195 -0.5347 -0.8366
vn 0.2680 -0.5400 -0.7978
vn 0.4627 -0.5432 -0.7006
vn 0.6444 -0.5273 -0.5537
vn 0.7473 -0.4992 -0.4387
vn 0.1448 -0.2229 -0.9640
vn 0.3213 -0.2460 -0.9145
vn 0.5320 -0.2657 -0.8040
vn 0.7103 -0.2976 -0.6379
vn 0.8068 -0.3379 -0.4847
vn 0.5288 0.3451 -0.7755
vn 0.6981 0.3414 -0.6294
vn 0.8309 0.2874 -0.4764
vn 0.9199 0.1699 -0.3534
vn 0.7916 0.4529 -0.4101
vn 0.8514 0.3807 -0.3607
vn 0.9386 0.2380 -0.2498
vn 0.9428 -0.2954 -0.1543
vn 0.9130 -0.2363 -0.3326
vn 0.8377 -0.1560 -0.5234
vn 0.7365 -0.0888 -0.6706
vn 0.5725 -0.0362 -0.8191
vn 0.3568 0.0051 -0.9342
vn 0.1583 0.0340 -0.9868
vn 0.9658 -0.2069 -0.1562
vn 0.9424 -0.0962 -0.3204
vn 0.8703 0.0136 -0.4924
vn 0.7731 0.0920 -0.6275
vn 0.6153 0.1783 -0.7679
vn 0.4276 0.1910 -0.8835
vn 0.1641 0.1447 -0.9758
vn 0.0975 -0.6299 -0.7705
vn 0.2386 -0.6093 -0.7562
vn 0.4395 -0.5664 -0.6972
vn 0.6335 -0.4970 -0.5930
vn 0.7579 -0.4202 -0.4991
vn 0.8484 -0.3510 -0.3962
vn 0.9261 -0.2698 -0.2638
vn 0.9613 -0.1994 -0.1899
vn 0.9979 -0.0583 -0.0282
vn 0.9225 -0.3626 -0.1319
vn 0.9905 -0.1258 -0.0563
vn 0.9334 -0.3431 -0.1049
vn 0.9425 -0.3163 -0.1083
vn 0.9628 -0.2511 -0.0994
vn -0.0000 -0.5718 -0.8204
vn -0.0000 -0.5455 -0.8381
vn -0.0000 -0.2230 -0.9748
vn -0.0000 0.0491 -0.9988
vn -0.0000 0.1548 -0.9880
vn -0.0000 -0.6371 -0.7707
vn -0.9987 0.0168 0.0488
vn -0.9986 0.0145 0.0506
vn -0.9924 0.1226 0.0066
vn -0.9921 0.1252 0.0057
vn -0.8077 0.5737 -0.1359
vn -0.8660 0.4877 -0.1105
vn -0.9538 0.2960 -0.0512
vn -0.8671 0.4858 -0.1100
vn -0.9542 0.2947 -0.0507
vn -0.9977 -0.0065 0.0669
vn 0.9987 0.0168 0.0488
vn 0.9986 0.0145 0.0506
vn 0.9924 0.1226 0.0066
vn 0.9921 0.1252 0.0057
vn 0.8077 0.5737 -0.1359
vn 0.8660 0.4877 -0.1105
vn 0.9538 0.2960 -0.0512
vn 0.8671 0.4858 -0.1100
vn 0.9542 0.2948 -0.0507
vn 0.9977 -0.0065 0.0669
vn -0.9959 0.0072 0.0904
vn -0.9871 0.1201 0.1054
vn -0.8101 0.5792 0.0905
vn -0.8711 0.4813 0.0978
vn -0.9537 0.2806 0.1080
vn -0.9959 0.0054 0.0901
vn -0.9864 0.1254 0.1059
vn -0.9508 0.2906 0.1076
vn -0.8638 0.4944 0.0969
vn -0.9955 -0.0506 0.0798
vn 0.9959 0.0072 0.0904
vn 0.9871 0.1201 0.1054
vn 0.8101 0.5792 0.0905
vn 0.8711 0.4813 0.0978
vn 0.9537 0.2806 0.1080
vn 0.9959 0.0054 0.0901
vn 0.9864 0.1254 0.1059
vn 0.9508 0.2906 0.1076
vn 0.8638 0.4944 0.0969
vn 0.9955 -0.0506 0.0798
vt 0.540635 0.750119
vt 0.540745 0.739385
vt 0.567122 0.737788
vt 0.575776 0.747337
vt 0.640841 0.709880
vt 0.626429 0.726016
vt 0.606321 0.720124
vt 0.618459 0.704482
vt 0.588819 0.763080
vt 0.539169 0.767353
vt 0.628499 0.751565
vt 0.605414 0.738828
vt 0.685363 0.696968
vt 0.673645 0.716922
vt 0.653455 0.691223
vt 0.309283 0.583775
vt 0.303083 0.649624
vt 0.275798 0.644152
vt 0.279346 0.575614
vt 0.333297 0.543063
vt 0.303522 0.525755
vt 0.289586 0.472798
vt 0.322651 0.492417
vt 0.602474 0.779934
vt 0.539204 0.786343
vt 0.618944 0.795673
vt 0.542203 0.804820
vt 0.637768 0.809900
vt 0.551819 0.837802
vt 0.269977 0.514063
vt 0.252663 0.462851
vt 0.685958 0.745561
vt 0.715659 0.754329
vt 0.670593 0.769971
vt 0.652530 0.765011
vt 0.743270 0.761437
vt 0.700816 0.782428
vt 0.766405 0.766137
vt 0.719929 0.785752
vt 0.655239 0.735581
vt 0.707062 0.723476
vt 0.739834 0.729321
vt 0.768802 0.734092
vt 0.782917 0.738366
vt 0.717423 0.701126
vt 0.749382 0.704232
vt 0.777748 0.706722
vt 0.776914 0.702649
vt 0.335784 0.600475
vt 0.327044 0.661228
vt 0.645549 0.669150
vt 0.665579 0.673158
vt 0.628932 0.683336
vt 0.589634 0.731218
vt 0.642653 0.819742
vt 0.286273 0.702816
vt 0.261277 0.696180
vt 0.307116 0.712259
vt 0.321771 0.723944
vt 0.344568 0.677400
vt 0.745927 0.683847
vt 0.768783 0.685435
vt 0.720021 0.681087
vt 0.692071 0.677473
vt 0.649940 0.648754
vt 0.675046 0.653283
vt 0.704518 0.657107
vt 0.730136 0.660847
vt 0.752745 0.663224
vt 0.771154 0.664294
vt 0.784553 0.664447
vt 0.787143 0.686032
vt 0.298314 0.760467
vt 0.276563 0.752509
vt 0.252663 0.743552
vt 0.662960 0.170355
vt 0.692614 0.152116
vt 0.696038 0.176796
vt 0.675246 0.191184
vt 0.408904 0.588531
vt 0.389296 0.601849
vt 0.384032 0.566903
vt 0.402080 0.552615
vt 0.683002 0.113115
vt 0.641721 0.137931
vt 0.721301 0.110163
vt 0.720848 0.149808
vt 0.444528 0.616934
vt 0.413993 0.630408
vt 0.438935 0.571517
vt 0.634945 0.542781
vt 0.666841 0.553448
vt 0.650483 0.620100
vt 0.622047 0.608554
vt 0.596043 0.478781
vt 0.580414 0.421064
vt 0.623459 0.424799
vt 0.634720 0.482489
vt 0.614515 0.102525
vt 0.666611 0.073235
vt 0.584793 0.067633
vt 0.648504 0.035074
vt 0.552081 0.036092
vt 0.627812 -0.000000
vt 0.661812 0.437680
vt 0.669199 0.491233
vt 0.468082 0.509659
vt 0.451092 0.468566
vt 0.490986 0.445916
vt 0.509356 0.493428
vt 0.534622 0.428771
vt 0.552608 0.482492
vt 0.430395 0.530326
vt 0.476354 0.558001
vt 0.515975 0.547133
vt 0.557909 0.540842
vt 0.598613 0.540076
vt 0.479458 0.608681
vt 0.515159 0.603222
vt 0.553412 0.601266
vt 0.589971 0.602723
vt 0.401277 0.680925
vt 0.392095 0.649535
vt 0.420228 0.671439
vt 0.745378 0.162279
vt 0.737415 0.187150
vt 0.717233 0.175357
vt 0.495839 0.382350
vt 0.543286 0.369271
vt 0.454247 0.407878
vt 0.419663 0.438638
vt 0.714844 0.070434
vt 0.416311 0.496277
vt 0.389772 0.524836
vt 0.600392 0.659613
vt 0.626449 0.668475
vt 0.572061 0.653676
vt 0.541865 0.650665
vt 0.510398 0.651027
vt 0.478954 0.655165
vt 0.447370 0.661944
vt 0.344568 0.520152
vt 0.344568 0.474476
vt 0.363313 0.462851
vt 0.367427 0.506493
vt 0.414155 0.713385
vt 0.445948 0.705688
vt 0.476231 0.698919
vt 0.505352 0.695962
vt 0.532645 0.696835
vt 0.557875 0.700803
vt 0.583156 0.707262
vt 0.609091 0.713385
vt 0.490718 0.764472
vt 0.505086 0.747211
vt 0.476247 0.783229
vt 0.437269 0.807116
vt 0.440763 0.829095
vt 0.514642 0.735651
vt 0.637685 0.200453
vt 0.606240 0.176789
vt 0.568709 0.151504
vt 0.528538 0.127054
vt 0.486997 0.105267
vt 0.657557 0.216666
vt 0.448391 0.755584
vt 0.422376 0.771565
vt 0.417226 0.787694
vt 0.035856 0.589053
vt -0.000000 0.530446
vt 0.035133 0.496341
vt 0.074886 0.565210
vt 0.472376 0.739415
vt 0.492306 0.725549
vt 0.579923 0.223869
vt 0.536094 0.211973
vt 0.487511 0.200233
vt 0.441017 0.190509
vt 0.619343 0.238375
vt 0.649535 0.252132
s 1
g Group
usemtl 
f 1637/1644/1385 1638/1647/1386 1686/1646/1434 1684/1645/1432
g off
f 1640/1648/1388 1687/1651/1435 1688/1650/1436 1662/1649/1410
g Group
f 1642/1652/1390 1638/1647/1386 1637/1644/1385 1641/1653/1389
f 1670/1654/1418 1669/1655/1417 1638/1647/1386 1642/1652/1390
g off
f 1644/1656/1392 1639/1658/1387 1640/1648/1388 1643/1657/1391
f 1650/1659/1398 1753/1662/1501 1752/1661/1500 1645/1660/1393
g Group
f 1667/1663/1415 1674/1666/1422 1675/1665/1423 1668/1664/1416
f 1641/1653/1389 1661/1668/1409 1658/1667/1406 1642/1652/1390
f 1661/1668/1409 1660/1670/1408 1657/1669/1405 1658/1667/1406
f 1660/1670/1408 1659/1672/1407 1656/1671/1404 1657/1669/1405
g off
f 1668/1664/1416 1675/1665/1423 1755/1674/1503 1754/1673/1502
g Group
f 1664/1675/1412 1671/1678/1419 1672/1677/1420 1665/1676/1413
f 1665/1676/1413 1672/1677/1420 1673/1680/1421 1666/1679/1414
f 1666/1679/1414 1673/1680/1421 1674/1682/1422 1667/1681/1415
g off
f 1668/1664/1416 1754/1673/1502 1753/1662/1501 1650/1659/1398
f 1663/1683/1411 1664/1675/1412 1654/1684/1402 1643/1657/1391
f 1664/1675/1412 1665/1676/1413 1653/1685/1401 1654/1684/1402
f 1665/1676/1413 1666/1679/1414 1652/1686/1400 1653/1685/1401
f 1666/1679/1414 1667/1681/1415 1651/1687/1399 1652/1686/1400
f 1643/1657/1391 1654/1684/1402 1649/1688/1397 1644/1656/1392
f 1654/1684/1402 1653/1685/1401 1648/1689/1396 1649/1688/1397
f 1653/1685/1401 1652/1686/1400 1647/1690/1395 1648/1689/1396
f 1652/1686/1400 1651/1687/1399 1646/1691/1394 1647/1690/1395
f 1651/1692/1399 1650/1659/1398 1645/1660/1393 1646/1693/1394
f 1667/1663/1415 1668/1664/1416 1650/1659/1398 1651/1692/1399
f 1683/1694/1431 1685/1696/1433 1639/1658/1387 1682/1695/1430
g Group
f 1662/1649/1410 1688/1650/1436 1689/1697/1437 1669/1655/1417
g off
f 1643/1657/1391 1640/1648/1388 1662/1649/1410 1663/1683/1411
g Group
f 1656/1671/1404 1655/1698/1403 1674/1682/1422 1673/1680/1421
f 1657/1669/1405 1656/1671/1404 1673/1680/1421 1672/1677/1420
f 1658/1667/1406 1657/1669/1405 1672/1677/1420 1671/1678/1419
f 1642/1652/1390 1658/1667/1406 1671/1678/1419 1670/1654/1418
f 1663/1683/1411 1670/1654/1418 1671/1678/1419 1664/1675/1412
f 1663/1683/1411 1662/1649/1410 1669/1655/1417 1670/1654/1418
g off
f 1676/1699/1424 1645/1660/1393 1752/1661/1500 1756/1700/1504
f 1677/1701/1425 1646/1693/1394 1645/1660/1393 1676/1699/1424
f 1678/1702/1426 1647/1703/1395 1646/1693/1394 1677/1701/1425
f 1679/1704/1427 1648/1689/1396 1647/1690/1395 1678/1705/1426
f 1680/1706/1428 1649/1688/1397 1648/1689/1396 1679/1704/1427
f 1681/1707/1429 1644/1656/1392 1649/1688/1397 1680/1706/1428
f 1682/1695/1430 1639/1658/1387 1644/1656/1392 1681/1707/1429
f 1629/1708/1377 1683/1694/1431 1682/1695/1430 1630/1709/1378
f 1630/1709/1378 1682/1695/1430 1681/1707/1429 1636/1710/1384
f 1636/1710/1384 1681/1707/1429 1680/1706/1428 1635/1711/1383
f 1635/1711/1383 1680/1706/1428 1679/1704/1427 1633/1712/1381
f 1633/1712/1381 1679/1704/1427 1678/1705/1426 1634/1713/1382
f 1634/1713/1382 1678/1705/1426 1677/1715/1425 1631/1714/1379
f 1631/1716/1379 1677/1701/1425 1676/1699/1424 1632/1717/1380
f 1632/1717/1380 1676/1699/1424 1756/1700/1504 1751/1718/1499
f 1639/1658/1387 1685/1696/1433 1687/1651/1435 1640/1648/1388
g Group
f 1669/1655/1417 1689/1697/1437 1686/1646/1434 1638/1647/1386
f 1698/1719/1446 1745/1722/1493 1747/1721/1495 1699/1720/1447
g off
f 1701/1723/1449 1723/1726/1471 1749/1725/1497 1748/1724/1496
g Group
f 1703/1727/1451 1702/1728/1450 1698/1719/1446 1699/1720/1447
f 1731/1729/1479 1703/1727/1451 1699/1720/1447 1730/1730/1478
g off
f 1705/1731/1453 1704/1733/1452 1701/1723/1449 1700/1732/1448
f 1711/1734/1459 1706/1737/1454 1752/1736/1500 1753/1735/1501
g Group
f 1728/1738/1476 1729/1741/1477 1736/1740/1484 1735/1739/1483
f 1702/1728/1450 1703/1727/1451 1719/1743/1467 1722/1742/1470
f 1722/1742/1470 1719/1743/1467 1718/1745/1466 1721/1744/1469
f 1721/1744/1469 1718/1745/1466 1717/1747/1465 1720/1746/1468
g off
f 1729/1741/1477 1754/1749/1502 1755/1748/1503 1736/1740/1484
g Group
f 1725/1750/1473 1726/1753/1474 1733/1752/1481 1732/1751/1480
f 1726/1753/1474 1727/1755/1475 1734/1754/1482 1733/1752/1481
f 1727/1755/1475 1728/1738/1476 1735/1739/1483 1734/1754/1482
g off
f 1729/1741/1477 1711/1734/1459 1753/1735/1501 1754/1749/1502
f 1724/1756/1472 1704/1733/1452 1715/1757/1463 1725/1750/1473
f 1725/1750/1473 1715/1757/1463 1714/1758/1462 1726/1753/1474
f 1726/1753/1474 1714/1758/1462 1713/1759/1461 1727/1755/1475
f 1727/1755/1475 1713/1759/1461 1712/1760/1460 1728/1738/1476
f 1704/1733/1452 1705/1731/1453 1710/1761/1458 1715/1757/1463
f 1715/1757/1463 1710/1761/1458 1709/1762/1457 1714/1758/1462
f 1714/1758/1462 1709/1762/1457 1708/1763/1456 1713/1759/1461
f 1713/1759/1461 1708/1763/1456 1707/1764/1455 1712/1760/1460
f 1712/1760/1460 1707/1764/1455 1706/1737/1454 1711/1734/1459
f 1728/1738/1476 1712/1760/1460 1711/1734/1459 1729/1741/1477
f 1744/1765/1492 1743/1767/1491 1700/1732/1448 1746/1766/1494
g Group
f 1723/1768/1471 1730/1730/1478 1750/1770/1498 1749/1769/1497
g off
f 1704/1733/1452 1724/1756/1472 1723/1726/1471 1701/1723/1449
g Group
f 1717/1771/1465 1734/1754/1482 1735/1739/1483 1716/1772/1464
f 1718/1773/1466 1733/1752/1481 1734/1754/1482 1717/1771/1465
f 1719/1774/1467 1732/1751/1480 1733/1752/1481 1718/1773/1466
f 1703/1727/1451 1731/1729/1479 1732/1775/1480 1719/1743/1467
f 1724/1756/1472 1725/1750/1473 1732/1751/1480 1731/1776/1479
f 1724/1756/1472 1731/1776/1479 1730/1777/1478 1723/1726/1471
g off
f 1737/1778/1485 1756/1779/1504 1752/1736/1500 1706/1737/1454
f 1738/1780/1486 1737/1778/1485 1706/1737/1454 1707/1764/1455
f 1739/1781/1487 1738/1780/1486 1707/1764/1455 1708/1763/1456
f 1740/1782/1488 1739/1781/1487 1708/1763/1456 1709/1762/1457
f 1741/1783/1489 1740/1782/1488 1709/1762/1457 1710/1761/1458
f 1742/1784/1490 1741/1783/1489 1710/1761/1458 1705/1731/1453
f 1743/1767/1491 1742/1784/1490 1705/1731/1453 1700/1732/1448
f 1690/1785/1438 1691/1788/1439 1743/1787/1491 1744/1786/1492
f 1691/1789/1439 1697/1790/1445 1742/1784/1490 1743/1767/1491
f 1697/1790/1445 1696/1791/1444 1741/1783/1489 1742/1784/1490
f 1696/1791/1444 1694/1792/1442 1740/1782/1488 1741/1783/1489
f 1694/1792/1442 1695/1793/1443 1739/1781/1487 1740/1782/1488
f 1695/1793/1443 1692/1794/1440 1738/1780/1486 1739/1781/1487
f 1692/1794/1440 1693/1795/1441 1737/1778/1485 1738/1780/1486
f 1693/1795/1441 1751/1796/1499 1756/1779/1504 1737/1778/1485
f 1700/1732/1448 1701/1723/1449 1748/1724/1496 1746/1766/1494
g Group
f 1730/1730/1478 1699/1720/1447 1747/1721/1495 1750/1770/1498
f 1760/1653/1508 1757/1644/1505 1758/1798/1506 1759/1797/1507
f 1759/1797/1507 1766/1799/1513 1763/1668/1511 1760/1653/1508
f 1766/1799/1513 1765/1800/1512 1762/1670/1510 1763/1668/1511
f 1765/1800/1512 1764/1801/1509 1761/1672/1509 1762/1670/1510
f 1758/1798/1506 1757/1644/1505 1767/1645/1514 1768/1802/1514
f 1772/1728/1518 1771/1804/1517 1770/1803/1516 1769/1719/1515
f 1771/1804/1517 1772/1728/1518 1775/1742/1521 1778/1805/1523
f 1778/1805/1523 1775/1742/1521 1774/1744/1520 1777/1806/1522
f 1777/1806/1522 1774/1744/1520 1773/1746/1519 1776/1807/1519
f 1770/1803/1516 1780/1808/1524 1779/1722/1524 1769/1719/1515
f 1787/1809/1531 1788/1810/1532 1785/1799/1529 1782/1797/1526
f 1788/1810/1532 1789/1811/1533 1784/1800/1528 1785/1799/1529
f 1789/1812/1533 1790/1815/1527 1783/1814/1527 1784/1813/1528
f 1782/1797/1526 1781/1798/1525 1786/1816/1530 1787/1809/1531
f 1786/1816/1530 1781/1798/1525 1791/1802/1534 1792/1817/1534
f 1799/1818/1541 1794/1804/1536 1797/1805/1539 1800/1819/1542
f 1800/1819/1542 1797/1805/1539 1796/1806/1538 1801/1820/1543
f 1801/1820/1543 1796/1806/1538 1795/1807/1537 1802/1821/1537
f 1794/1804/1536 1799/1818/1541 1798/1822/1540 1793/1803/1535
f 1798/1822/1540 1804/1823/1544 1803/1808/1544 1793/1803/1535
g FrontalScalp_body_low.010
v -0.025821 2.871459 0.160903
v -0.050218 2.865823 0.156473
v -0.072006 2.854451 0.149602
v -0.019468 2.832412 0.191706
v -0.038337 2.830811 0.187472
v -0.057122 2.826517 0.180044
v -0.083589 2.872547 0.104694
v -0.060447 2.890472 0.108997
v -0.031576 2.900858 0.111689
v 0.025821 2.871459 0.160903
v 0.050218 2.865823 0.156473
v 0.072006 2.854451 0.149602
v 0.019468 2.832412 0.191706
v 0.038337 2.830811 0.187472
v 0.057122 2.826517 0.180044
v 0.083589 2.872547 0.104694
v 0.060447 2.890472 0.108997
v 0.031576 2.900858 0.111689
v 0.000000 2.870161 0.165852
v 0.000000 2.830593 0.194340
v 0.000000 2.903666 0.114156
vn -0.1881 0.7303 0.6568
vn -0.4007 0.6699 0.6250
vn -0.5247 0.6253 0.5777
vn -0.1612 0.5915 0.7900
vn -0.3351 0.5590 0.7584
vn -0.4549 0.5154 0.7262
vn -0.5633 0.6912 0.4528
vn -0.4452 0.7548 0.4816
vn -0.2059 0.8295 0.5192
vn 0.1881 0.7303 0.6568
vn 0.4007 0.6699 0.6250
vn 0.5247 0.6253 0.5777
vn 0.1612 0.5915 0.7900
vn 0.3351 0.5590 0.7584
vn 0.4549 0.5154 0.7262
vn 0.5633 0.6912 0.4528
vn 0.4452 0.7548 0.4816
vn 0.2059 0.8295 0.5192
vn -0.0000 0.7204 0.6935
vn -0.0000 0.5973 0.8020
vn -0.0000 0.8463 0.5327
vt 0.440728 0.220103
vt 0.336777 0.294614
vt 0.355374 0.000403
vt 0.454219 0.000000
vt 0.417532 0.659265
vt 0.326514 0.837278
vt 0.329094 0.577285
vt 0.429717 0.437556
vt 0.217959 0.722679
vt 0.217959 0.388071
vt 0.227947 1.000000
vt 0.229071 0.028760
vt 0.678081 0.650422
vt 0.679142 0.867772
vt 0.580318 0.874333
vt 0.578222 0.588379
vt 0.679009 0.243326
vt 0.679142 0.443776
vt 0.586157 0.322296
vt 0.597572 0.091919
vt 0.463280 0.559675
vt 0.481761 0.244310
vt 0.506618 -0.000000
vt 0.454219 0.910554
s 1
g Group
usemtl 
f 1808/1824/1548 1824/1827/1564 1823/1826/1563 1805/1825/1545
f 1810/1828/1550 1809/1831/1549 1806/1830/1546 1807/1829/1547
f 1809/1831/1549 1808/1824/1548 1805/1825/1545 1806/1830/1546
f 1806/1830/1546 1805/1825/1545 1813/1833/1553 1812/1832/1552
f 1807/1829/1547 1806/1830/1546 1812/1832/1552 1811/1834/1551
f 1805/1825/1545 1823/1826/1563 1825/1835/1565 1813/1833/1553
f 1817/1836/1557 1814/1839/1554 1823/1838/1563 1824/1837/1564
f 1819/1840/1559 1816/1843/1556 1815/1842/1555 1818/1841/1558
f 1818/1841/1558 1815/1842/1555 1814/1839/1554 1817/1836/1557
f 1815/1842/1555 1821/1845/1561 1822/1844/1562 1814/1839/1554
f 1816/1843/1556 1820/1846/1560 1821/1845/1561 1815/1842/1555
f 1814/1839/1554 1822/1844/1562 1825/1847/1565 1823/1838/1563
g Head_Temple_R_body_low.011
v -0.105691 2.716066 0.122889
v -0.108206 2.745289 0.119141
v -0.105233 2.771031 0.125358
v -0.112315 2.775517 0.103944
v -0.098610 2.791521 0.139406
v -0.107580 2.798924 0.114053
v -0.072006 2.854451 0.149602
v -0.089470 2.839238 0.139746
v -0.101095 2.819314 0.126741
v -0.057122 2.826517 0.180044
v -0.075557 2.819307 0.169514
v -0.091764 2.806926 0.156459
v -0.116373 2.781164 0.081427
v -0.114207 2.803791 0.086260
v -0.109339 2.827137 0.092880
v -0.099139 2.851339 0.099448
v -0.083589 2.872547 0.104694
v -0.105885 2.714851 0.106057
v -0.110426 2.747477 0.098303
v -0.115469 2.762426 0.078197
vn -0.9929 -0.1019 0.0610
vn -0.9888 -0.0656 0.1344
vn -0.9586 0.0216 0.2840
vn -0.9732 0.0029 0.2300
vn -0.9392 0.0654 0.3371
vn -0.9534 0.0878 0.2887
vn -0.6955 0.4784 0.5361
vn -0.7884 0.4113 0.4574
vn -0.9146 0.2104 0.3452
vn -0.6336 0.4289 0.6440
vn -0.7048 0.3896 0.5928
vn -0.8677 0.2301 0.4406
vn -0.9807 -0.0056 0.1957
vn -0.9656 0.1021 0.2391
vn -0.9350 0.2180 0.2797
vn -0.8411 0.4201 0.3408
vn -0.7586 0.5311 0.3774
vn -0.9862 -0.0695 0.1503
vn -0.9820 -0.0901 0.1661
vt 0.660291 0.522446
vt 0.759624 0.475885
vt 0.810985 0.625233
vt 0.745887 0.658580
vt 0.539324 0.524274
vt 0.434766 0.361769
vt 0.568116 0.390500
vt 0.655189 0.689254
vt 0.412144 0.502464
vt 0.303342 0.304112
vt 0.271934 0.470209
vt 0.173101 0.245265
vt 0.143312 0.433253
vt 0.860500 0.188440
vt 0.425481 0.722584
vt 0.303127 0.727646
vt 0.548257 0.708617
vt 0.675525 0.360051
vt 0.738487 0.261343
vt 0.810985 0.344810
s 1
g Group
usemtl 
f 1829/1848/1569 1838/1851/1578 1845/1850/1584 1844/1849/1583
f 1831/1852/1571 1829/1848/1569 1828/1854/1568 1830/1853/1570
f 1839/1855/1579 1838/1851/1578 1829/1848/1569 1831/1852/1571
f 1830/1853/1570 1837/1857/1577 1834/1856/1574 1831/1852/1571
f 1837/1857/1577 1836/1859/1576 1833/1858/1573 1834/1856/1574
f 1836/1859/1576 1835/1861/1575 1832/1860/1572 1833/1858/1573
f 1833/1858/1573 1832/1860/1572 1842/1863/1582 1841/1862/1581
f 1834/1856/1574 1833/1858/1573 1841/1862/1581 1840/1864/1580
f 1831/1852/1571 1834/1856/1574 1840/1864/1580 1839/1855/1579
g off
f 1827/1865/1567 1844/1849/1583 1843/1867/1566 1826/1866/1566
g Group
f 1828/1854/1568 1829/1848/1569 1844/1849/1583 1827/1865/1567
